gen,runtime,best_child_cost,best_child,best_gen
0,0:00:00.033942,1136.5646717675104,"[0, 6, 5, 19, 23, 22, 27, 8, 7, 25, 26, 21, 4, 3, 9, 28, 1, 15, 16, 24, 13, 17, 14, 29, 20, 2, 18, 10, 11, 12, 0]",0
1,0:00:00.027236,1136.5646717675104,"[0, 6, 5, 19, 23, 22, 27, 8, 7, 25, 26, 21, 4, 3, 9, 28, 1, 15, 16, 24, 13, 17, 14, 29, 20, 2, 18, 10, 11, 12, 0]",0
2,0:00:00.026274,1136.5646717675104,"[0, 6, 5, 19, 23, 22, 27, 8, 7, 25, 26, 21, 4, 3, 9, 28, 1, 15, 16, 24, 13, 17, 14, 29, 20, 2, 18, 10, 11, 12, 0]",0
3,0:00:00.026409,1136.5646717675104,"[0, 6, 5, 19, 23, 22, 27, 8, 7, 25, 26, 21, 4, 3, 9, 28, 1, 15, 16, 24, 13, 17, 14, 29, 20, 2, 18, 10, 11, 12, 0]",0
4,0:00:00.025877,1136.5646717675104,"[0, 6, 5, 19, 23, 22, 27, 8, 7, 25, 26, 21, 4, 3, 9, 28, 1, 15, 16, 24, 13, 17, 14, 29, 20, 2, 18, 10, 11, 12, 0]",0
5,0:00:00.024336,1136.5646717675104,"[0, 6, 5, 19, 23, 22, 27, 8, 7, 25, 26, 21, 4, 3, 9, 28, 1, 15, 16, 24, 13, 17, 14, 29, 20, 2, 18, 10, 11, 12, 0]",0
6,0:00:00.023731,1136.5646717675104,"[0, 6, 5, 19, 23, 22, 27, 8, 7, 25, 26, 21, 4, 3, 9, 28, 1, 15, 16, 24, 13, 17, 14, 29, 20, 2, 18, 10, 11, 12, 0]",0
7,0:00:00.023752,1136.5646717675104,"[0, 6, 5, 19, 23, 22, 27, 8, 7, 25, 26, 21, 4, 3, 9, 28, 1, 15, 16, 24, 13, 17, 14, 29, 20, 2, 18, 10, 11, 12, 0]",0
8,0:00:00.026017,1136.5646717675104,"[0, 6, 5, 19, 23, 22, 27, 8, 7, 25, 26, 21, 4, 3, 9, 28, 1, 15, 16, 24, 13, 17, 14, 29, 20, 2, 18, 10, 11, 12, 0]",0
9,0:00:00.025307,1136.5646717675104,"[0, 6, 5, 19, 23, 22, 27, 8, 7, 25, 26, 21, 4, 3, 9, 28, 1, 15, 16, 24, 13, 17, 14, 29, 20, 2, 18, 10, 11, 12, 0]",0
10,0:00:00.015519,1136.5646717675104,"[0, 6, 5, 19, 23, 22, 27, 8, 7, 25, 26, 21, 4, 3, 9, 28, 1, 15, 16, 24, 13, 17, 14, 29, 20, 2, 18, 10, 11, 12, 0]",0
11,0:00:00.026974,1136.5646717675104,"[0, 6, 5, 19, 23, 22, 27, 8, 7, 25, 26, 21, 4, 3, 9, 28, 1, 15, 16, 24, 13, 17, 14, 29, 20, 2, 18, 10, 11, 12, 0]",0
12,0:00:00.026893,1136.5646717675104,"[0, 6, 5, 19, 23, 22, 27, 8, 7, 25, 26, 21, 4, 3, 9, 28, 1, 15, 16, 24, 13, 17, 14, 29, 20, 2, 18, 10, 11, 12, 0]",0
13,0:00:00.026400,1136.5646717675104,"[0, 6, 5, 19, 23, 22, 27, 8, 7, 25, 26, 21, 4, 3, 9, 28, 1, 15, 16, 24, 13, 17, 14, 29, 20, 2, 18, 10, 11, 12, 0]",0
14,0:00:00.024464,1136.5646717675104,"[0, 6, 5, 19, 23, 22, 27, 8, 7, 25, 26, 21, 4, 3, 9, 28, 1, 15, 16, 24, 13, 17, 14, 29, 20, 2, 18, 10, 11, 12, 0]",0
15,0:00:00.025747,1136.5646717675104,"[0, 6, 5, 19, 23, 22, 27, 8, 7, 25, 26, 21, 4, 3, 9, 28, 1, 15, 16, 24, 13, 17, 14, 29, 20, 2, 18, 10, 11, 12, 0]",0
16,0:00:00.026645,1136.5646717675104,"[0, 6, 5, 19, 23, 22, 27, 8, 7, 25, 26, 21, 4, 3, 9, 28, 1, 15, 16, 24, 13, 17, 14, 29, 20, 2, 18, 10, 11, 12, 0]",0
17,0:00:00.024227,1136.5646717675104,"[0, 6, 5, 19, 23, 22, 27, 8, 7, 25, 26, 21, 4, 3, 9, 28, 1, 15, 16, 24, 13, 17, 14, 29, 20, 2, 18, 10, 11, 12, 0]",0
18,0:00:00.024080,1136.5646717675104,"[0, 6, 5, 19, 23, 22, 27, 8, 7, 25, 26, 21, 4, 3, 9, 28, 1, 15, 16, 24, 13, 17, 14, 29, 20, 2, 18, 10, 11, 12, 0]",0
19,0:00:00.024282,1136.5646717675104,"[0, 6, 5, 19, 23, 22, 27, 8, 7, 25, 26, 21, 4, 3, 9, 28, 1, 15, 16, 24, 13, 17, 14, 29, 20, 2, 18, 10, 11, 12, 0]",0
20,0:00:00.024958,1136.5646717675104,"[0, 6, 5, 19, 23, 22, 27, 8, 7, 25, 26, 21, 4, 3, 9, 28, 1, 15, 16, 24, 13, 17, 14, 29, 20, 2, 18, 10, 11, 12, 0]",0
21,0:00:00.015413,1136.5646717675104,"[0, 6, 5, 19, 23, 22, 27, 8, 7, 25, 26, 21, 4, 3, 9, 28, 1, 15, 16, 24, 13, 17, 14, 29, 20, 2, 18, 10, 11, 12, 0]",0
22,0:00:00.027835,1136.5646717675104,"[0, 6, 5, 19, 23, 22, 27, 8, 7, 25, 26, 21, 4, 3, 9, 28, 1, 15, 16, 24, 13, 17, 14, 29, 20, 2, 18, 10, 11, 12, 0]",0
23,0:00:00.026627,1136.5646717675104,"[0, 6, 5, 19, 23, 22, 27, 8, 7, 25, 26, 21, 4, 3, 9, 28, 1, 15, 16, 24, 13, 17, 14, 29, 20, 2, 18, 10, 11, 12, 0]",0
24,0:00:00.026216,1136.5646717675104,"[0, 6, 5, 19, 23, 22, 27, 8, 7, 25, 26, 21, 4, 3, 9, 28, 1, 15, 16, 24, 13, 17, 14, 29, 20, 2, 18, 10, 11, 12, 0]",0
25,0:00:00.024730,1136.5646717675104,"[0, 6, 5, 19, 23, 22, 27, 8, 7, 25, 26, 21, 4, 3, 9, 28, 1, 15, 16, 24, 13, 17, 14, 29, 20, 2, 18, 10, 11, 12, 0]",0
26,0:00:00.024641,1136.5646717675104,"[0, 6, 5, 19, 23, 22, 27, 8, 7, 25, 26, 21, 4, 3, 9, 28, 1, 15, 16, 24, 13, 17, 14, 29, 20, 2, 18, 10, 11, 12, 0]",0
27,0:00:00.024413,1136.5646717675104,"[0, 6, 5, 19, 23, 22, 27, 8, 7, 25, 26, 21, 4, 3, 9, 28, 1, 15, 16, 24, 13, 17, 14, 29, 20, 2, 18, 10, 11, 12, 0]",0
28,0:00:00.024705,1136.5646717675104,"[0, 6, 5, 19, 23, 22, 27, 8, 7, 25, 26, 21, 4, 3, 9, 28, 1, 15, 16, 24, 13, 17, 14, 29, 20, 2, 18, 10, 11, 12, 0]",0
29,0:00:00.025802,1136.5646717675104,"[0, 6, 5, 19, 23, 22, 27, 8, 7, 25, 26, 21, 4, 3, 9, 28, 1, 15, 16, 24, 13, 17, 14, 29, 20, 2, 18, 10, 11, 12, 0]",0
30,0:00:00.025106,1136.5646717675104,"[0, 6, 5, 19, 23, 22, 27, 8, 7, 25, 26, 21, 4, 3, 9, 28, 1, 15, 16, 24, 13, 17, 14, 29, 20, 2, 18, 10, 11, 12, 0]",0
31,0:00:00.024667,1136.5646717675104,"[0, 6, 5, 19, 23, 22, 27, 8, 7, 25, 26, 21, 4, 3, 9, 28, 1, 15, 16, 24, 13, 17, 14, 29, 20, 2, 18, 10, 11, 12, 0]",0
32,0:00:00.015715,1136.5646717675104,"[0, 6, 5, 19, 23, 22, 27, 8, 7, 25, 26, 21, 4, 3, 9, 28, 1, 15, 16, 24, 13, 17, 14, 29, 20, 2, 18, 10, 11, 12, 0]",0
33,0:00:00.026962,1136.5646717675104,"[0, 6, 5, 19, 23, 22, 27, 8, 7, 25, 26, 21, 4, 3, 9, 28, 1, 15, 16, 24, 13, 17, 14, 29, 20, 2, 18, 10, 11, 12, 0]",0
34,0:00:00.026558,1136.5646717675104,"[0, 6, 5, 19, 23, 22, 27, 8, 7, 25, 26, 21, 4, 3, 9, 28, 1, 15, 16, 24, 13, 17, 14, 29, 20, 2, 18, 10, 11, 12, 0]",0
35,0:00:00.027649,1136.5646717675104,"[0, 6, 5, 19, 23, 22, 27, 8, 7, 25, 26, 21, 4, 3, 9, 28, 1, 15, 16, 24, 13, 17, 14, 29, 20, 2, 18, 10, 11, 12, 0]",0
36,0:00:00.026846,1136.5646717675104,"[0, 6, 5, 19, 23, 22, 27, 8, 7, 25, 26, 21, 4, 3, 9, 28, 1, 15, 16, 24, 13, 17, 14, 29, 20, 2, 18, 10, 11, 12, 0]",0
37,0:00:00.026414,1136.5646717675104,"[0, 6, 5, 19, 23, 22, 27, 8, 7, 25, 26, 21, 4, 3, 9, 28, 1, 15, 16, 24, 13, 17, 14, 29, 20, 2, 18, 10, 11, 12, 0]",0
38,0:00:00.025195,1136.5646717675104,"[0, 6, 5, 19, 23, 22, 27, 8, 7, 25, 26, 21, 4, 3, 9, 28, 1, 15, 16, 24, 13, 17, 14, 29, 20, 2, 18, 10, 11, 12, 0]",0
39,0:00:00.024778,1136.5646717675104,"[0, 6, 5, 19, 23, 22, 27, 8, 7, 25, 26, 21, 4, 3, 9, 28, 1, 15, 16, 24, 13, 17, 14, 29, 20, 2, 18, 10, 11, 12, 0]",0
40,0:00:00.025630,1136.5646717675104,"[0, 6, 5, 19, 23, 22, 27, 8, 7, 25, 26, 21, 4, 3, 9, 28, 1, 15, 16, 24, 13, 17, 14, 29, 20, 2, 18, 10, 11, 12, 0]",0
41,0:00:00.024682,1136.5646717675104,"[0, 6, 5, 19, 23, 22, 27, 8, 7, 25, 26, 21, 4, 3, 9, 28, 1, 15, 16, 24, 13, 17, 14, 29, 20, 2, 18, 10, 11, 12, 0]",0
42,0:00:00.025700,1136.5646717675104,"[0, 6, 5, 19, 23, 22, 27, 8, 7, 25, 26, 21, 4, 3, 9, 28, 1, 15, 16, 24, 13, 17, 14, 29, 20, 2, 18, 10, 11, 12, 0]",0
43,0:00:00.015718,1136.5646717675104,"[0, 6, 5, 19, 23, 22, 27, 8, 7, 25, 26, 21, 4, 3, 9, 28, 1, 15, 16, 24, 13, 17, 14, 29, 20, 2, 18, 10, 11, 12, 0]",0
44,0:00:00.027603,1136.5646717675104,"[0, 6, 5, 19, 23, 22, 27, 8, 7, 25, 26, 21, 4, 3, 9, 28, 1, 15, 16, 24, 13, 17, 14, 29, 20, 2, 18, 10, 11, 12, 0]",0
45,0:00:00.026786,1136.5646717675104,"[0, 6, 5, 19, 23, 22, 27, 8, 7, 25, 26, 21, 4, 3, 9, 28, 1, 15, 16, 24, 13, 17, 14, 29, 20, 2, 18, 10, 11, 12, 0]",0
46,0:00:00.025565,1136.5646717675104,"[0, 6, 5, 19, 23, 22, 27, 8, 7, 25, 26, 21, 4, 3, 9, 28, 1, 15, 16, 24, 13, 17, 14, 29, 20, 2, 18, 10, 11, 12, 0]",0
47,0:00:00.025775,1136.5646717675104,"[0, 6, 5, 19, 23, 22, 27, 8, 7, 25, 26, 21, 4, 3, 9, 28, 1, 15, 16, 24, 13, 17, 14, 29, 20, 2, 18, 10, 11, 12, 0]",0
48,0:00:00.024622,1136.5646717675104,"[0, 6, 5, 19, 23, 22, 27, 8, 7, 25, 26, 21, 4, 3, 9, 28, 1, 15, 16, 24, 13, 17, 14, 29, 20, 2, 18, 10, 11, 12, 0]",0
49,0:00:00.024325,1136.5646717675104,"[0, 6, 5, 19, 23, 22, 27, 8, 7, 25, 26, 21, 4, 3, 9, 28, 1, 15, 16, 24, 13, 17, 14, 29, 20, 2, 18, 10, 11, 12, 0]",0
50,0:00:00.024135,1136.5646717675104,"[0, 6, 5, 19, 23, 22, 27, 8, 7, 25, 26, 21, 4, 3, 9, 28, 1, 15, 16, 24, 13, 17, 14, 29, 20, 2, 18, 10, 11, 12, 0]",0
51,0:00:00.024708,1136.5646717675104,"[0, 6, 5, 19, 23, 22, 27, 8, 7, 25, 26, 21, 4, 3, 9, 28, 1, 15, 16, 24, 13, 17, 14, 29, 20, 2, 18, 10, 11, 12, 0]",0
52,0:00:00.024982,1136.5646717675104,"[0, 6, 5, 19, 23, 22, 27, 8, 7, 25, 26, 21, 4, 3, 9, 28, 1, 15, 16, 24, 13, 17, 14, 29, 20, 2, 18, 10, 11, 12, 0]",0
53,0:00:00.026173,1136.5646717675104,"[0, 6, 5, 19, 23, 22, 27, 8, 7, 25, 26, 21, 4, 3, 9, 28, 1, 15, 16, 24, 13, 17, 14, 29, 20, 2, 18, 10, 11, 12, 0]",0
54,0:00:00.015599,1136.5646717675104,"[0, 6, 5, 19, 23, 22, 27, 8, 7, 25, 26, 21, 4, 3, 9, 28, 1, 15, 16, 24, 13, 17, 14, 29, 20, 2, 18, 10, 11, 12, 0]",0
55,0:00:00.027968,1136.5646717675104,"[0, 6, 5, 19, 23, 22, 27, 8, 7, 25, 26, 21, 4, 3, 9, 28, 1, 15, 16, 24, 13, 17, 14, 29, 20, 2, 18, 10, 11, 12, 0]",0
56,0:00:00.026861,1136.5646717675104,"[0, 6, 5, 19, 23, 22, 27, 8, 7, 25, 26, 21, 4, 3, 9, 28, 1, 15, 16, 24, 13, 17, 14, 29, 20, 2, 18, 10, 11, 12, 0]",0
57,0:00:00.026794,1136.5646717675104,"[0, 6, 5, 19, 23, 22, 27, 8, 7, 25, 26, 21, 4, 3, 9, 28, 1, 15, 16, 24, 13, 17, 14, 29, 20, 2, 18, 10, 11, 12, 0]",0
58,0:00:00.023787,1136.5646717675104,"[0, 6, 5, 19, 23, 22, 27, 8, 7, 25, 26, 21, 4, 3, 9, 28, 1, 15, 16, 24, 13, 17, 14, 29, 20, 2, 18, 10, 11, 12, 0]",0
59,0:00:00.024345,1136.5646717675104,"[0, 6, 5, 19, 23, 22, 27, 8, 7, 25, 26, 21, 4, 3, 9, 28, 1, 15, 16, 24, 13, 17, 14, 29, 20, 2, 18, 10, 11, 12, 0]",0
60,0:00:00.024210,1136.5646717675104,"[0, 6, 5, 19, 23, 22, 27, 8, 7, 25, 26, 21, 4, 3, 9, 28, 1, 15, 16, 24, 13, 17, 14, 29, 20, 2, 18, 10, 11, 12, 0]",0
61,0:00:00.024211,1136.5646717675104,"[0, 6, 5, 19, 23, 22, 27, 8, 7, 25, 26, 21, 4, 3, 9, 28, 1, 15, 16, 24, 13, 17, 14, 29, 20, 2, 18, 10, 11, 12, 0]",0
62,0:00:00.024972,1136.5646717675104,"[0, 6, 5, 19, 23, 22, 27, 8, 7, 25, 26, 21, 4, 3, 9, 28, 1, 15, 16, 24, 13, 17, 14, 29, 20, 2, 18, 10, 11, 12, 0]",0
63,0:00:00.024454,1136.5646717675104,"[0, 6, 5, 19, 23, 22, 27, 8, 7, 25, 26, 21, 4, 3, 9, 28, 1, 15, 16, 24, 13, 17, 14, 29, 20, 2, 18, 10, 11, 12, 0]",0
64,0:00:00.025206,1136.5646717675104,"[0, 6, 5, 19, 23, 22, 27, 8, 7, 25, 26, 21, 4, 3, 9, 28, 1, 15, 16, 24, 13, 17, 14, 29, 20, 2, 18, 10, 11, 12, 0]",0
65,0:00:00.015397,1136.5646717675104,"[0, 6, 5, 19, 23, 22, 27, 8, 7, 25, 26, 21, 4, 3, 9, 28, 1, 15, 16, 24, 13, 17, 14, 29, 20, 2, 18, 10, 11, 12, 0]",0
66,0:00:00.026980,1136.5646717675104,"[0, 6, 5, 19, 23, 22, 27, 8, 7, 25, 26, 21, 4, 3, 9, 28, 1, 15, 16, 24, 13, 17, 14, 29, 20, 2, 18, 10, 11, 12, 0]",0
67,0:00:00.026434,1136.5646717675104,"[0, 6, 5, 19, 23, 22, 27, 8, 7, 25, 26, 21, 4, 3, 9, 28, 1, 15, 16, 24, 13, 17, 14, 29, 20, 2, 18, 10, 11, 12, 0]",0
68,0:00:00.027042,1136.5646717675104,"[0, 6, 5, 19, 23, 22, 27, 8, 7, 25, 26, 21, 4, 3, 9, 28, 1, 15, 16, 24, 13, 17, 14, 29, 20, 2, 18, 10, 11, 12, 0]",0
69,0:00:00.026094,1136.5646717675104,"[0, 6, 5, 19, 23, 22, 27, 8, 7, 25, 26, 21, 4, 3, 9, 28, 1, 15, 16, 24, 13, 17, 14, 29, 20, 2, 18, 10, 11, 12, 0]",0
70,0:00:00.024003,1136.5646717675104,"[0, 6, 5, 19, 23, 22, 27, 8, 7, 25, 26, 21, 4, 3, 9, 28, 1, 15, 16, 24, 13, 17, 14, 29, 20, 2, 18, 10, 11, 12, 0]",0
71,0:00:00.024841,1136.5646717675104,"[0, 6, 5, 19, 23, 22, 27, 8, 7, 25, 26, 21, 4, 3, 9, 28, 1, 15, 16, 24, 13, 17, 14, 29, 20, 2, 18, 10, 11, 12, 0]",0
72,0:00:00.023985,1136.5646717675104,"[0, 6, 5, 19, 23, 22, 27, 8, 7, 25, 26, 21, 4, 3, 9, 28, 1, 15, 16, 24, 13, 17, 14, 29, 20, 2, 18, 10, 11, 12, 0]",0
73,0:00:00.024404,1136.5646717675104,"[0, 6, 5, 19, 23, 22, 27, 8, 7, 25, 26, 21, 4, 3, 9, 28, 1, 15, 16, 24, 13, 17, 14, 29, 20, 2, 18, 10, 11, 12, 0]",0
74,0:00:00.024280,1136.5646717675104,"[0, 6, 5, 19, 23, 22, 27, 8, 7, 25, 26, 21, 4, 3, 9, 28, 1, 15, 16, 24, 13, 17, 14, 29, 20, 2, 18, 10, 11, 12, 0]",0
75,0:00:00.024245,1136.5646717675104,"[0, 6, 5, 19, 23, 22, 27, 8, 7, 25, 26, 21, 4, 3, 9, 28, 1, 15, 16, 24, 13, 17, 14, 29, 20, 2, 18, 10, 11, 12, 0]",0
76,0:00:00.015320,1136.5646717675104,"[0, 6, 5, 19, 23, 22, 27, 8, 7, 25, 26, 21, 4, 3, 9, 28, 1, 15, 16, 24, 13, 17, 14, 29, 20, 2, 18, 10, 11, 12, 0]",0
77,0:00:00.027125,1136.5646717675104,"[0, 6, 5, 19, 23, 22, 27, 8, 7, 25, 26, 21, 4, 3, 9, 28, 1, 15, 16, 24, 13, 17, 14, 29, 20, 2, 18, 10, 11, 12, 0]",0
78,0:00:00.027107,1136.5646717675104,"[0, 6, 5, 19, 23, 22, 27, 8, 7, 25, 26, 21, 4, 3, 9, 28, 1, 15, 16, 24, 13, 17, 14, 29, 20, 2, 18, 10, 11, 12, 0]",0
79,0:00:00.026109,1136.5646717675104,"[0, 6, 5, 19, 23, 22, 27, 8, 7, 25, 26, 21, 4, 3, 9, 28, 1, 15, 16, 24, 13, 17, 14, 29, 20, 2, 18, 10, 11, 12, 0]",0
80,0:00:00.024527,1136.5646717675104,"[0, 6, 5, 19, 23, 22, 27, 8, 7, 25, 26, 21, 4, 3, 9, 28, 1, 15, 16, 24, 13, 17, 14, 29, 20, 2, 18, 10, 11, 12, 0]",0
81,0:00:00.024460,1136.5646717675104,"[0, 6, 5, 19, 23, 22, 27, 8, 7, 25, 26, 21, 4, 3, 9, 28, 1, 15, 16, 24, 13, 17, 14, 29, 20, 2, 18, 10, 11, 12, 0]",0
82,0:00:00.024221,1136.5646717675104,"[0, 6, 5, 19, 23, 22, 27, 8, 7, 25, 26, 21, 4, 3, 9, 28, 1, 15, 16, 24, 13, 17, 14, 29, 20, 2, 18, 10, 11, 12, 0]",0
83,0:00:00.024954,1136.5646717675104,"[0, 6, 5, 19, 23, 22, 27, 8, 7, 25, 26, 21, 4, 3, 9, 28, 1, 15, 16, 24, 13, 17, 14, 29, 20, 2, 18, 10, 11, 12, 0]",0
84,0:00:00.024396,1136.5646717675104,"[0, 6, 5, 19, 23, 22, 27, 8, 7, 25, 26, 21, 4, 3, 9, 28, 1, 15, 16, 24, 13, 17, 14, 29, 20, 2, 18, 10, 11, 12, 0]",0
85,0:00:00.024496,1136.5646717675104,"[0, 6, 5, 19, 23, 22, 27, 8, 7, 25, 26, 21, 4, 3, 9, 28, 1, 15, 16, 24, 13, 17, 14, 29, 20, 2, 18, 10, 11, 12, 0]",0
86,0:00:00.024656,1136.5646717675104,"[0, 6, 5, 19, 23, 22, 27, 8, 7, 25, 26, 21, 4, 3, 9, 28, 1, 15, 16, 24, 13, 17, 14, 29, 20, 2, 18, 10, 11, 12, 0]",0
87,0:00:00.015317,1136.5646717675104,"[0, 6, 5, 19, 23, 22, 27, 8, 7, 25, 26, 21, 4, 3, 9, 28, 1, 15, 16, 24, 13, 17, 14, 29, 20, 2, 18, 10, 11, 12, 0]",0
88,0:00:00.026967,1136.5646717675104,"[0, 6, 5, 19, 23, 22, 27, 8, 7, 25, 26, 21, 4, 3, 9, 28, 1, 15, 16, 24, 13, 17, 14, 29, 20, 2, 18, 10, 11, 12, 0]",0
89,0:00:00.027428,1136.5646717675104,"[0, 6, 5, 19, 23, 22, 27, 8, 7, 25, 26, 21, 4, 3, 9, 28, 1, 15, 16, 24, 13, 17, 14, 29, 20, 2, 18, 10, 11, 12, 0]",0
90,0:00:00.028148,1136.5646717675104,"[0, 6, 5, 19, 23, 22, 27, 8, 7, 25, 26, 21, 4, 3, 9, 28, 1, 15, 16, 24, 13, 17, 14, 29, 20, 2, 18, 10, 11, 12, 0]",0
91,0:00:00.025841,1136.5646717675104,"[0, 6, 5, 19, 23, 22, 27, 8, 7, 25, 26, 21, 4, 3, 9, 28, 1, 15, 16, 24, 13, 17, 14, 29, 20, 2, 18, 10, 11, 12, 0]",0
92,0:00:00.024567,1136.5646717675104,"[0, 6, 5, 19, 23, 22, 27, 8, 7, 25, 26, 21, 4, 3, 9, 28, 1, 15, 16, 24, 13, 17, 14, 29, 20, 2, 18, 10, 11, 12, 0]",0
93,0:00:00.024675,1136.5646717675104,"[0, 6, 5, 19, 23, 22, 27, 8, 7, 25, 26, 21, 4, 3, 9, 28, 1, 15, 16, 24, 13, 17, 14, 29, 20, 2, 18, 10, 11, 12, 0]",0
94,0:00:00.024599,1136.5646717675104,"[0, 6, 5, 19, 23, 22, 27, 8, 7, 25, 26, 21, 4, 3, 9, 28, 1, 15, 16, 24, 13, 17, 14, 29, 20, 2, 18, 10, 11, 12, 0]",0
95,0:00:00.025069,1136.5646717675104,"[0, 6, 5, 19, 23, 22, 27, 8, 7, 25, 26, 21, 4, 3, 9, 28, 1, 15, 16, 24, 13, 17, 14, 29, 20, 2, 18, 10, 11, 12, 0]",0
96,0:00:00.024570,1136.5646717675104,"[0, 6, 5, 19, 23, 22, 27, 8, 7, 25, 26, 21, 4, 3, 9, 28, 1, 15, 16, 24, 13, 17, 14, 29, 20, 2, 18, 10, 11, 12, 0]",0
97,0:00:00.024206,1136.5646717675104,"[0, 6, 5, 19, 23, 22, 27, 8, 7, 25, 26, 21, 4, 3, 9, 28, 1, 15, 16, 24, 13, 17, 14, 29, 20, 2, 18, 10, 11, 12, 0]",0
98,0:00:00.015398,1136.5646717675104,"[0, 6, 5, 19, 23, 22, 27, 8, 7, 25, 26, 21, 4, 3, 9, 28, 1, 15, 16, 24, 13, 17, 14, 29, 20, 2, 18, 10, 11, 12, 0]",0
99,0:00:00.027319,1136.5646717675104,"[0, 6, 5, 19, 23, 22, 27, 8, 7, 25, 26, 21, 4, 3, 9, 28, 1, 15, 16, 24, 13, 17, 14, 29, 20, 2, 18, 10, 11, 12, 0]",0
100,0:00:00.026395,1136.5646717675104,"[0, 6, 5, 19, 23, 22, 27, 8, 7, 25, 26, 21, 4, 3, 9, 28, 1, 15, 16, 24, 13, 17, 14, 29, 20, 2, 18, 10, 11, 12, 0]",0
101,0:00:00.026411,1136.5646717675104,"[0, 6, 5, 19, 23, 22, 27, 8, 7, 25, 26, 21, 4, 3, 9, 28, 1, 15, 16, 24, 13, 17, 14, 29, 20, 2, 18, 10, 11, 12, 0]",0
102,0:00:00.024729,1136.5646717675104,"[0, 6, 5, 19, 23, 22, 27, 8, 7, 25, 26, 21, 4, 3, 9, 28, 1, 15, 16, 24, 13, 17, 14, 29, 20, 2, 18, 10, 11, 12, 0]",0
103,0:00:00.026851,1136.5646717675104,"[0, 6, 5, 19, 23, 22, 27, 8, 7, 25, 26, 21, 4, 3, 9, 28, 1, 15, 16, 24, 13, 17, 14, 29, 20, 2, 18, 10, 11, 12, 0]",0
104,0:00:00.026280,1136.5646717675104,"[0, 6, 5, 19, 23, 22, 27, 8, 7, 25, 26, 21, 4, 3, 9, 28, 1, 15, 16, 24, 13, 17, 14, 29, 20, 2, 18, 10, 11, 12, 0]",0
105,0:00:00.025004,1136.5646717675104,"[0, 6, 5, 19, 23, 22, 27, 8, 7, 25, 26, 21, 4, 3, 9, 28, 1, 15, 16, 24, 13, 17, 14, 29, 20, 2, 18, 10, 11, 12, 0]",0
106,0:00:00.025055,1136.5646717675104,"[0, 6, 5, 19, 23, 22, 27, 8, 7, 25, 26, 21, 4, 3, 9, 28, 1, 15, 16, 24, 13, 17, 14, 29, 20, 2, 18, 10, 11, 12, 0]",0
107,0:00:00.024460,1136.5646717675104,"[0, 6, 5, 19, 23, 22, 27, 8, 7, 25, 26, 21, 4, 3, 9, 28, 1, 15, 16, 24, 13, 17, 14, 29, 20, 2, 18, 10, 11, 12, 0]",0
108,0:00:00.025339,1136.5646717675104,"[0, 6, 5, 19, 23, 22, 27, 8, 7, 25, 26, 21, 4, 3, 9, 28, 1, 15, 16, 24, 13, 17, 14, 29, 20, 2, 18, 10, 11, 12, 0]",0
109,0:00:00.015808,1136.5646717675104,"[0, 6, 5, 19, 23, 22, 27, 8, 7, 25, 26, 21, 4, 3, 9, 28, 1, 15, 16, 24, 13, 17, 14, 29, 20, 2, 18, 10, 11, 12, 0]",0
110,0:00:00.027617,1136.5646717675104,"[0, 6, 5, 19, 23, 22, 27, 8, 7, 25, 26, 21, 4, 3, 9, 28, 1, 15, 16, 24, 13, 17, 14, 29, 20, 2, 18, 10, 11, 12, 0]",0
111,0:00:00.027698,1136.5646717675104,"[0, 6, 5, 19, 23, 22, 27, 8, 7, 25, 26, 21, 4, 3, 9, 28, 1, 15, 16, 24, 13, 17, 14, 29, 20, 2, 18, 10, 11, 12, 0]",0
112,0:00:00.026987,1136.5646717675104,"[0, 6, 5, 19, 23, 22, 27, 8, 7, 25, 26, 21, 4, 3, 9, 28, 1, 15, 16, 24, 13, 17, 14, 29, 20, 2, 18, 10, 11, 12, 0]",0
113,0:00:00.027617,1136.5646717675104,"[0, 6, 5, 19, 23, 22, 27, 8, 7, 25, 26, 21, 4, 3, 9, 28, 1, 15, 16, 24, 13, 17, 14, 29, 20, 2, 18, 10, 11, 12, 0]",0
114,0:00:00.025222,1136.5646717675104,"[0, 6, 5, 19, 23, 22, 27, 8, 7, 25, 26, 21, 4, 3, 9, 28, 1, 15, 16, 24, 13, 17, 14, 29, 20, 2, 18, 10, 11, 12, 0]",0
115,0:00:00.024321,1136.5646717675104,"[0, 6, 5, 19, 23, 22, 27, 8, 7, 25, 26, 21, 4, 3, 9, 28, 1, 15, 16, 24, 13, 17, 14, 29, 20, 2, 18, 10, 11, 12, 0]",0
116,0:00:00.024448,1136.5646717675104,"[0, 6, 5, 19, 23, 22, 27, 8, 7, 25, 26, 21, 4, 3, 9, 28, 1, 15, 16, 24, 13, 17, 14, 29, 20, 2, 18, 10, 11, 12, 0]",0
117,0:00:00.024089,1136.5646717675104,"[0, 6, 5, 19, 23, 22, 27, 8, 7, 25, 26, 21, 4, 3, 9, 28, 1, 15, 16, 24, 13, 17, 14, 29, 20, 2, 18, 10, 11, 12, 0]",0
118,0:00:00.025160,1136.5646717675104,"[0, 6, 5, 19, 23, 22, 27, 8, 7, 25, 26, 21, 4, 3, 9, 28, 1, 15, 16, 24, 13, 17, 14, 29, 20, 2, 18, 10, 11, 12, 0]",0
119,0:00:00.024487,1136.5646717675104,"[0, 6, 5, 19, 23, 22, 27, 8, 7, 25, 26, 21, 4, 3, 9, 28, 1, 15, 16, 24, 13, 17, 14, 29, 20, 2, 18, 10, 11, 12, 0]",0
120,0:00:00.015507,1136.5646717675104,"[0, 6, 5, 19, 23, 22, 27, 8, 7, 25, 26, 21, 4, 3, 9, 28, 1, 15, 16, 24, 13, 17, 14, 29, 20, 2, 18, 10, 11, 12, 0]",0
121,0:00:00.027284,1136.5646717675104,"[0, 6, 5, 19, 23, 22, 27, 8, 7, 25, 26, 21, 4, 3, 9, 28, 1, 15, 16, 24, 13, 17, 14, 29, 20, 2, 18, 10, 11, 12, 0]",0
122,0:00:00.027263,1136.5646717675104,"[0, 6, 5, 19, 23, 22, 27, 8, 7, 25, 26, 21, 4, 3, 9, 28, 1, 15, 16, 24, 13, 17, 14, 29, 20, 2, 18, 10, 11, 12, 0]",0
123,0:00:00.026857,1136.5646717675104,"[0, 6, 5, 19, 23, 22, 27, 8, 7, 25, 26, 21, 4, 3, 9, 28, 1, 15, 16, 24, 13, 17, 14, 29, 20, 2, 18, 10, 11, 12, 0]",0
124,0:00:00.024961,1136.5646717675104,"[0, 6, 5, 19, 23, 22, 27, 8, 7, 25, 26, 21, 4, 3, 9, 28, 1, 15, 16, 24, 13, 17, 14, 29, 20, 2, 18, 10, 11, 12, 0]",0
125,0:00:00.026855,1136.5646717675104,"[0, 6, 5, 19, 23, 22, 27, 8, 7, 25, 26, 21, 4, 3, 9, 28, 1, 15, 16, 24, 13, 17, 14, 29, 20, 2, 18, 10, 11, 12, 0]",0
126,0:00:00.024286,1136.5646717675104,"[0, 6, 5, 19, 23, 22, 27, 8, 7, 25, 26, 21, 4, 3, 9, 28, 1, 15, 16, 24, 13, 17, 14, 29, 20, 2, 18, 10, 11, 12, 0]",0
127,0:00:00.024580,1136.5646717675104,"[0, 6, 5, 19, 23, 22, 27, 8, 7, 25, 26, 21, 4, 3, 9, 28, 1, 15, 16, 24, 13, 17, 14, 29, 20, 2, 18, 10, 11, 12, 0]",0
128,0:00:00.024386,1136.5646717675104,"[0, 6, 5, 19, 23, 22, 27, 8, 7, 25, 26, 21, 4, 3, 9, 28, 1, 15, 16, 24, 13, 17, 14, 29, 20, 2, 18, 10, 11, 12, 0]",0
129,0:00:00.024875,1136.5646717675104,"[0, 6, 5, 19, 23, 22, 27, 8, 7, 25, 26, 21, 4, 3, 9, 28, 1, 15, 16, 24, 13, 17, 14, 29, 20, 2, 18, 10, 11, 12, 0]",0
130,0:00:00.024398,1136.5646717675104,"[0, 6, 5, 19, 23, 22, 27, 8, 7, 25, 26, 21, 4, 3, 9, 28, 1, 15, 16, 24, 13, 17, 14, 29, 20, 2, 18, 10, 11, 12, 0]",0
131,0:00:00.015438,1136.5646717675104,"[0, 6, 5, 19, 23, 22, 27, 8, 7, 25, 26, 21, 4, 3, 9, 28, 1, 15, 16, 24, 13, 17, 14, 29, 20, 2, 18, 10, 11, 12, 0]",0
132,0:00:00.027362,1136.5646717675104,"[0, 6, 5, 19, 23, 22, 27, 8, 7, 25, 26, 21, 4, 3, 9, 28, 1, 15, 16, 24, 13, 17, 14, 29, 20, 2, 18, 10, 11, 12, 0]",0
133,0:00:00.026431,1136.5646717675104,"[0, 6, 5, 19, 23, 22, 27, 8, 7, 25, 26, 21, 4, 3, 9, 28, 1, 15, 16, 24, 13, 17, 14, 29, 20, 2, 18, 10, 11, 12, 0]",0
134,0:00:00.026762,1136.5646717675104,"[0, 6, 5, 19, 23, 22, 27, 8, 7, 25, 26, 21, 4, 3, 9, 28, 1, 15, 16, 24, 13, 17, 14, 29, 20, 2, 18, 10, 11, 12, 0]",0
135,0:00:00.024736,1136.5646717675104,"[0, 6, 5, 19, 23, 22, 27, 8, 7, 25, 26, 21, 4, 3, 9, 28, 1, 15, 16, 24, 13, 17, 14, 29, 20, 2, 18, 10, 11, 12, 0]",0
136,0:00:00.024506,1136.5646717675104,"[0, 6, 5, 19, 23, 22, 27, 8, 7, 25, 26, 21, 4, 3, 9, 28, 1, 15, 16, 24, 13, 17, 14, 29, 20, 2, 18, 10, 11, 12, 0]",0
137,0:00:00.024419,1136.5646717675104,"[0, 6, 5, 19, 23, 22, 27, 8, 7, 25, 26, 21, 4, 3, 9, 28, 1, 15, 16, 24, 13, 17, 14, 29, 20, 2, 18, 10, 11, 12, 0]",0
138,0:00:00.024186,1136.5646717675104,"[0, 6, 5, 19, 23, 22, 27, 8, 7, 25, 26, 21, 4, 3, 9, 28, 1, 15, 16, 24, 13, 17, 14, 29, 20, 2, 18, 10, 11, 12, 0]",0
139,0:00:00.025454,1136.5646717675104,"[0, 6, 5, 19, 23, 22, 27, 8, 7, 25, 26, 21, 4, 3, 9, 28, 1, 15, 16, 24, 13, 17, 14, 29, 20, 2, 18, 10, 11, 12, 0]",0
140,0:00:00.024852,1136.5646717675104,"[0, 6, 5, 19, 23, 22, 27, 8, 7, 25, 26, 21, 4, 3, 9, 28, 1, 15, 16, 24, 13, 17, 14, 29, 20, 2, 18, 10, 11, 12, 0]",0
141,0:00:00.024685,1136.5646717675104,"[0, 6, 5, 19, 23, 22, 27, 8, 7, 25, 26, 21, 4, 3, 9, 28, 1, 15, 16, 24, 13, 17, 14, 29, 20, 2, 18, 10, 11, 12, 0]",0
142,0:00:00.015971,1136.5646717675104,"[0, 6, 5, 19, 23, 22, 27, 8, 7, 25, 26, 21, 4, 3, 9, 28, 1, 15, 16, 24, 13, 17, 14, 29, 20, 2, 18, 10, 11, 12, 0]",0
143,0:00:00.027398,1136.5646717675104,"[0, 6, 5, 19, 23, 22, 27, 8, 7, 25, 26, 21, 4, 3, 9, 28, 1, 15, 16, 24, 13, 17, 14, 29, 20, 2, 18, 10, 11, 12, 0]",0
144,0:00:00.027063,1136.5646717675104,"[0, 6, 5, 19, 23, 22, 27, 8, 7, 25, 26, 21, 4, 3, 9, 28, 1, 15, 16, 24, 13, 17, 14, 29, 20, 2, 18, 10, 11, 12, 0]",0
145,0:00:00.024401,1136.5646717675104,"[0, 6, 5, 19, 23, 22, 27, 8, 7, 25, 26, 21, 4, 3, 9, 28, 1, 15, 16, 24, 13, 17, 14, 29, 20, 2, 18, 10, 11, 12, 0]",0
146,0:00:00.024806,1136.5646717675104,"[0, 6, 5, 19, 23, 22, 27, 8, 7, 25, 26, 21, 4, 3, 9, 28, 1, 15, 16, 24, 13, 17, 14, 29, 20, 2, 18, 10, 11, 12, 0]",0
147,0:00:00.025941,1136.5646717675104,"[0, 6, 5, 19, 23, 22, 27, 8, 7, 25, 26, 21, 4, 3, 9, 28, 1, 15, 16, 24, 13, 17, 14, 29, 20, 2, 18, 10, 11, 12, 0]",0
148,0:00:00.025698,1136.5646717675104,"[0, 6, 5, 19, 23, 22, 27, 8, 7, 25, 26, 21, 4, 3, 9, 28, 1, 15, 16, 24, 13, 17, 14, 29, 20, 2, 18, 10, 11, 12, 0]",0
149,0:00:00.024229,1136.5646717675104,"[0, 6, 5, 19, 23, 22, 27, 8, 7, 25, 26, 21, 4, 3, 9, 28, 1, 15, 16, 24, 13, 17, 14, 29, 20, 2, 18, 10, 11, 12, 0]",0
150,0:00:00.024094,1136.5646717675104,"[0, 6, 5, 19, 23, 22, 27, 8, 7, 25, 26, 21, 4, 3, 9, 28, 1, 15, 16, 24, 13, 17, 14, 29, 20, 2, 18, 10, 11, 12, 0]",0
151,0:00:00.024419,1136.5646717675104,"[0, 6, 5, 19, 23, 22, 27, 8, 7, 25, 26, 21, 4, 3, 9, 28, 1, 15, 16, 24, 13, 17, 14, 29, 20, 2, 18, 10, 11, 12, 0]",0
152,0:00:00.025497,1136.5646717675104,"[0, 6, 5, 19, 23, 22, 27, 8, 7, 25, 26, 21, 4, 3, 9, 28, 1, 15, 16, 24, 13, 17, 14, 29, 20, 2, 18, 10, 11, 12, 0]",0
153,0:00:00.015686,1136.5646717675104,"[0, 6, 5, 19, 23, 22, 27, 8, 7, 25, 26, 21, 4, 3, 9, 28, 1, 15, 16, 24, 13, 17, 14, 29, 20, 2, 18, 10, 11, 12, 0]",0
154,0:00:00.027341,1136.5646717675104,"[0, 6, 5, 19, 23, 22, 27, 8, 7, 25, 26, 21, 4, 3, 9, 28, 1, 15, 16, 24, 13, 17, 14, 29, 20, 2, 18, 10, 11, 12, 0]",0
155,0:00:00.028154,1136.5646717675104,"[0, 6, 5, 19, 23, 22, 27, 8, 7, 25, 26, 21, 4, 3, 9, 28, 1, 15, 16, 24, 13, 17, 14, 29, 20, 2, 18, 10, 11, 12, 0]",0
156,0:00:00.027605,1136.5646717675104,"[0, 6, 5, 19, 23, 22, 27, 8, 7, 25, 26, 21, 4, 3, 9, 28, 1, 15, 16, 24, 13, 17, 14, 29, 20, 2, 18, 10, 11, 12, 0]",0
157,0:00:00.026261,1136.5646717675104,"[0, 6, 5, 19, 23, 22, 27, 8, 7, 25, 26, 21, 4, 3, 9, 28, 1, 15, 16, 24, 13, 17, 14, 29, 20, 2, 18, 10, 11, 12, 0]",0
158,0:00:00.026354,1136.5646717675104,"[0, 6, 5, 19, 23, 22, 27, 8, 7, 25, 26, 21, 4, 3, 9, 28, 1, 15, 16, 24, 13, 17, 14, 29, 20, 2, 18, 10, 11, 12, 0]",0
159,0:00:00.026870,1136.5646717675104,"[0, 6, 5, 19, 23, 22, 27, 8, 7, 25, 26, 21, 4, 3, 9, 28, 1, 15, 16, 24, 13, 17, 14, 29, 20, 2, 18, 10, 11, 12, 0]",0
160,0:00:00.024214,1136.5646717675104,"[0, 6, 5, 19, 23, 22, 27, 8, 7, 25, 26, 21, 4, 3, 9, 28, 1, 15, 16, 24, 13, 17, 14, 29, 20, 2, 18, 10, 11, 12, 0]",0
161,0:00:00.024468,1136.5646717675104,"[0, 6, 5, 19, 23, 22, 27, 8, 7, 25, 26, 21, 4, 3, 9, 28, 1, 15, 16, 24, 13, 17, 14, 29, 20, 2, 18, 10, 11, 12, 0]",0
162,0:00:00.024080,1136.5646717675104,"[0, 6, 5, 19, 23, 22, 27, 8, 7, 25, 26, 21, 4, 3, 9, 28, 1, 15, 16, 24, 13, 17, 14, 29, 20, 2, 18, 10, 11, 12, 0]",0
163,0:00:00.025271,1136.5646717675104,"[0, 6, 5, 19, 23, 22, 27, 8, 7, 25, 26, 21, 4, 3, 9, 28, 1, 15, 16, 24, 13, 17, 14, 29, 20, 2, 18, 10, 11, 12, 0]",0
164,0:00:00.015964,1136.5646717675104,"[0, 6, 5, 19, 23, 22, 27, 8, 7, 25, 26, 21, 4, 3, 9, 28, 1, 15, 16, 24, 13, 17, 14, 29, 20, 2, 18, 10, 11, 12, 0]",0
165,0:00:00.030819,1136.5646717675104,"[0, 6, 5, 19, 23, 22, 27, 8, 7, 25, 26, 21, 4, 3, 9, 28, 1, 15, 16, 24, 13, 17, 14, 29, 20, 2, 18, 10, 11, 12, 0]",0
166,0:00:00.027516,1136.5646717675104,"[0, 6, 5, 19, 23, 22, 27, 8, 7, 25, 26, 21, 4, 3, 9, 28, 1, 15, 16, 24, 13, 17, 14, 29, 20, 2, 18, 10, 11, 12, 0]",0
167,0:00:00.027844,1136.5646717675104,"[0, 6, 5, 19, 23, 22, 27, 8, 7, 25, 26, 21, 4, 3, 9, 28, 1, 15, 16, 24, 13, 17, 14, 29, 20, 2, 18, 10, 11, 12, 0]",0
168,0:00:00.026327,1136.5646717675104,"[0, 6, 5, 19, 23, 22, 27, 8, 7, 25, 26, 21, 4, 3, 9, 28, 1, 15, 16, 24, 13, 17, 14, 29, 20, 2, 18, 10, 11, 12, 0]",0
169,0:00:00.025472,1136.5646717675104,"[0, 6, 5, 19, 23, 22, 27, 8, 7, 25, 26, 21, 4, 3, 9, 28, 1, 15, 16, 24, 13, 17, 14, 29, 20, 2, 18, 10, 11, 12, 0]",0
170,0:00:00.027206,1136.5646717675104,"[0, 6, 5, 19, 23, 22, 27, 8, 7, 25, 26, 21, 4, 3, 9, 28, 1, 15, 16, 24, 13, 17, 14, 29, 20, 2, 18, 10, 11, 12, 0]",0
171,0:00:00.025141,1136.5646717675104,"[0, 6, 5, 19, 23, 22, 27, 8, 7, 25, 26, 21, 4, 3, 9, 28, 1, 15, 16, 24, 13, 17, 14, 29, 20, 2, 18, 10, 11, 12, 0]",0
172,0:00:00.024343,1136.5646717675104,"[0, 6, 5, 19, 23, 22, 27, 8, 7, 25, 26, 21, 4, 3, 9, 28, 1, 15, 16, 24, 13, 17, 14, 29, 20, 2, 18, 10, 11, 12, 0]",0
173,0:00:00.024122,1136.5646717675104,"[0, 6, 5, 19, 23, 22, 27, 8, 7, 25, 26, 21, 4, 3, 9, 28, 1, 15, 16, 24, 13, 17, 14, 29, 20, 2, 18, 10, 11, 12, 0]",0
174,0:00:00.024091,1136.5646717675104,"[0, 6, 5, 19, 23, 22, 27, 8, 7, 25, 26, 21, 4, 3, 9, 28, 1, 15, 16, 24, 13, 17, 14, 29, 20, 2, 18, 10, 11, 12, 0]",0
0,0:00:00.029858,153.6782826689068,"[0, 1, 8, 4, 2, 5, 6, 3, 7, 0]",0
1,0:00:00.024055,153.6782826689068,"[0, 1, 8, 4, 2, 5, 6, 3, 7, 0]",0
2,0:00:00.023043,153.6782826689068,"[0, 1, 8, 4, 2, 5, 6, 3, 7, 0]",0
3,0:00:00.024228,153.6782826689068,"[0, 1, 8, 4, 2, 5, 6, 3, 7, 0]",0
4,0:00:00.022542,153.6782826689068,"[0, 1, 8, 4, 2, 5, 6, 3, 7, 0]",0
5,0:00:00.022807,153.6782826689068,"[0, 1, 8, 4, 2, 5, 6, 3, 7, 0]",0
6,0:00:00.023561,153.6782826689068,"[0, 1, 8, 4, 2, 5, 6, 3, 7, 0]",0
7,0:00:00.022490,153.6782826689068,"[0, 1, 8, 4, 2, 5, 6, 3, 7, 0]",0
8,0:00:00.022695,153.6782826689068,"[0, 1, 8, 4, 2, 5, 6, 3, 7, 0]",0
9,0:00:00.021950,153.6782826689068,"[0, 1, 8, 4, 2, 5, 6, 3, 7, 0]",0
10,0:00:00.005050,152.5516626280745,"[0, 8, 1, 7, 3, 4, 2, 5, 6, 0]",10
11,0:00:00.023934,152.5516626280745,"[0, 8, 1, 7, 3, 4, 2, 5, 6, 0]",10
12,0:00:00.023717,152.5516626280745,"[0, 8, 1, 7, 3, 4, 2, 5, 6, 0]",10
13,0:00:00.023525,152.5516626280745,"[0, 8, 1, 7, 3, 4, 2, 5, 6, 0]",10
14,0:00:00.023342,152.5516626280745,"[0, 8, 1, 7, 3, 4, 2, 5, 6, 0]",10
15,0:00:00.022657,152.5516626280745,"[0, 8, 1, 7, 3, 4, 2, 5, 6, 0]",10
16,0:00:00.022946,152.5516626280745,"[0, 8, 1, 7, 3, 4, 2, 5, 6, 0]",10
17,0:00:00.023240,152.5516626280745,"[0, 8, 1, 7, 3, 4, 2, 5, 6, 0]",10
18,0:00:00.022593,152.5516626280745,"[0, 8, 1, 7, 3, 4, 2, 5, 6, 0]",10
19,0:00:00.023079,152.5516626280745,"[0, 8, 1, 7, 3, 4, 2, 5, 6, 0]",10
20,0:00:00.022970,152.5516626280745,"[0, 8, 1, 7, 3, 4, 2, 5, 6, 0]",10
21,0:00:00.005027,152.5516626280745,"[0, 8, 1, 7, 3, 4, 2, 5, 6, 0]",10
22,0:00:00.024007,152.5516626280745,"[0, 8, 1, 7, 3, 4, 2, 5, 6, 0]",10
23,0:00:00.023648,152.5516626280745,"[0, 8, 1, 7, 3, 4, 2, 5, 6, 0]",10
24,0:00:00.023374,152.5516626280745,"[0, 8, 1, 7, 3, 4, 2, 5, 6, 0]",10
25,0:00:00.023193,152.5516626280745,"[0, 8, 1, 7, 3, 4, 2, 5, 6, 0]",10
26,0:00:00.023023,152.5516626280745,"[0, 8, 1, 7, 3, 4, 2, 5, 6, 0]",10
27,0:00:00.023161,152.5516626280745,"[0, 8, 1, 7, 3, 4, 2, 5, 6, 0]",10
28,0:00:00.022835,152.5516626280745,"[0, 8, 1, 7, 3, 4, 2, 5, 6, 0]",10
29,0:00:00.022649,152.5516626280745,"[0, 8, 1, 7, 3, 4, 2, 5, 6, 0]",10
30,0:00:00.022264,152.5516626280745,"[0, 8, 1, 7, 3, 4, 2, 5, 6, 0]",10
31,0:00:00.022801,152.5516626280745,"[0, 8, 1, 7, 3, 4, 2, 5, 6, 0]",10
32,0:00:00.005059,152.15723873231693,"[0, 4, 2, 5, 6, 8, 1, 7, 3, 0]",32
33,0:00:00.023584,152.15723873231693,"[0, 4, 2, 5, 6, 8, 1, 7, 3, 0]",32
34,0:00:00.022972,152.15723873231693,"[0, 4, 2, 5, 6, 8, 1, 7, 3, 0]",32
35,0:00:00.022535,152.15723873231693,"[0, 4, 2, 5, 6, 8, 1, 7, 3, 0]",32
36,0:00:00.022547,152.15723873231693,"[0, 4, 2, 5, 6, 8, 1, 7, 3, 0]",32
37,0:00:00.022965,152.15723873231693,"[0, 4, 2, 5, 6, 8, 1, 7, 3, 0]",32
38,0:00:00.022980,152.15723873231693,"[0, 4, 2, 5, 6, 8, 1, 7, 3, 0]",32
39,0:00:00.022427,152.15723873231693,"[0, 4, 2, 5, 6, 8, 1, 7, 3, 0]",32
40,0:00:00.022905,152.15723873231693,"[0, 4, 2, 5, 6, 8, 1, 7, 3, 0]",32
41,0:00:00.022266,152.15723873231693,"[0, 4, 2, 5, 6, 8, 1, 7, 3, 0]",32
42,0:00:00.022140,152.15723873231693,"[0, 4, 2, 5, 6, 8, 1, 7, 3, 0]",32
43,0:00:00.005047,152.15723873231693,"[0, 4, 2, 5, 6, 8, 1, 7, 3, 0]",32
44,0:00:00.023906,152.15723873231693,"[0, 4, 2, 5, 6, 8, 1, 7, 3, 0]",32
45,0:00:00.023310,152.15723873231693,"[0, 4, 2, 5, 6, 8, 1, 7, 3, 0]",32
46,0:00:00.022956,152.15723873231693,"[0, 4, 2, 5, 6, 8, 1, 7, 3, 0]",32
47,0:00:00.022185,152.15723873231693,"[0, 4, 2, 5, 6, 8, 1, 7, 3, 0]",32
48,0:00:00.022172,152.15723873231693,"[0, 4, 2, 5, 6, 8, 1, 7, 3, 0]",32
49,0:00:00.022555,152.15723873231693,"[0, 4, 2, 5, 6, 8, 1, 7, 3, 0]",32
50,0:00:00.022735,152.15723873231693,"[0, 4, 2, 5, 6, 8, 1, 7, 3, 0]",32
51,0:00:00.022252,152.15723873231693,"[0, 4, 2, 5, 6, 8, 1, 7, 3, 0]",32
52,0:00:00.030144,152.15723873231693,"[0, 4, 2, 5, 6, 8, 1, 7, 3, 0]",32
53,0:00:00.023330,152.15723873231693,"[0, 4, 2, 5, 6, 8, 1, 7, 3, 0]",32
54,0:00:00.005051,131.02836613987677,"[0, 7, 3, 8, 1, 4, 2, 5, 6, 0]",54
55,0:00:00.023837,131.02836613987677,"[0, 7, 3, 8, 1, 4, 2, 5, 6, 0]",54
56,0:00:00.023322,131.02836613987677,"[0, 7, 3, 8, 1, 4, 2, 5, 6, 0]",54
57,0:00:00.022645,131.02836613987677,"[0, 7, 3, 8, 1, 4, 2, 5, 6, 0]",54
58,0:00:00.022789,131.02836613987677,"[0, 7, 3, 8, 1, 4, 2, 5, 6, 0]",54
59,0:00:00.022541,131.02836613987677,"[0, 7, 3, 8, 1, 4, 2, 5, 6, 0]",54
60,0:00:00.022529,131.02836613987677,"[0, 7, 3, 8, 1, 4, 2, 5, 6, 0]",54
61,0:00:00.022291,131.02836613987677,"[0, 7, 3, 8, 1, 4, 2, 5, 6, 0]",54
62,0:00:00.022953,131.02836613987677,"[0, 7, 3, 8, 1, 4, 2, 5, 6, 0]",54
63,0:00:00.022506,131.02836613987677,"[0, 7, 3, 8, 1, 4, 2, 5, 6, 0]",54
64,0:00:00.022112,131.02836613987677,"[0, 7, 3, 8, 1, 4, 2, 5, 6, 0]",54
65,0:00:00.005052,131.02836613987677,"[0, 7, 3, 8, 1, 4, 2, 5, 6, 0]",54
66,0:00:00.023656,131.02836613987677,"[0, 7, 3, 8, 1, 4, 2, 5, 6, 0]",54
67,0:00:00.023737,131.02836613987677,"[0, 7, 3, 8, 1, 4, 2, 5, 6, 0]",54
68,0:00:00.023241,131.02836613987677,"[0, 7, 3, 8, 1, 4, 2, 5, 6, 0]",54
69,0:00:00.022549,131.02836613987677,"[0, 7, 3, 8, 1, 4, 2, 5, 6, 0]",54
70,0:00:00.022474,131.02836613987677,"[0, 7, 3, 8, 1, 4, 2, 5, 6, 0]",54
71,0:00:00.022410,131.02836613987677,"[0, 7, 3, 8, 1, 4, 2, 5, 6, 0]",54
72,0:00:00.022802,131.02836613987677,"[0, 7, 3, 8, 1, 4, 2, 5, 6, 0]",54
73,0:00:00.022455,131.02836613987677,"[0, 7, 3, 8, 1, 4, 2, 5, 6, 0]",54
74,0:00:00.022551,131.02836613987677,"[0, 7, 3, 8, 1, 4, 2, 5, 6, 0]",54
75,0:00:00.022910,131.02836613987677,"[0, 7, 3, 8, 1, 4, 2, 5, 6, 0]",54
76,0:00:00.005028,131.02836613987677,"[0, 7, 3, 8, 1, 4, 2, 5, 6, 0]",54
77,0:00:00.023548,131.02836613987677,"[0, 7, 3, 8, 1, 4, 2, 5, 6, 0]",54
78,0:00:00.023343,131.02836613987677,"[0, 7, 3, 8, 1, 4, 2, 5, 6, 0]",54
79,0:00:00.023690,131.02836613987677,"[0, 7, 3, 8, 1, 4, 2, 5, 6, 0]",54
80,0:00:00.022083,131.02836613987677,"[0, 7, 3, 8, 1, 4, 2, 5, 6, 0]",54
81,0:00:00.022368,131.02836613987677,"[0, 7, 3, 8, 1, 4, 2, 5, 6, 0]",54
82,0:00:00.022584,131.02836613987677,"[0, 7, 3, 8, 1, 4, 2, 5, 6, 0]",54
83,0:00:00.023001,131.02836613987677,"[0, 7, 3, 8, 1, 4, 2, 5, 6, 0]",54
84,0:00:00.022564,131.02836613987677,"[0, 7, 3, 8, 1, 4, 2, 5, 6, 0]",54
85,0:00:00.022747,131.02836613987677,"[0, 7, 3, 8, 1, 4, 2, 5, 6, 0]",54
86,0:00:00.022373,131.02836613987677,"[0, 7, 3, 8, 1, 4, 2, 5, 6, 0]",54
87,0:00:00.005070,131.02836613987677,"[0, 7, 3, 8, 1, 4, 2, 5, 6, 0]",54
88,0:00:00.023865,131.02836613987677,"[0, 7, 3, 8, 1, 4, 2, 5, 6, 0]",54
89,0:00:00.023640,131.02836613987677,"[0, 7, 3, 8, 1, 4, 2, 5, 6, 0]",54
90,0:00:00.023190,131.02836613987677,"[0, 7, 3, 8, 1, 4, 2, 5, 6, 0]",54
91,0:00:00.023110,131.02836613987677,"[0, 7, 3, 8, 1, 4, 2, 5, 6, 0]",54
92,0:00:00.023220,131.02836613987677,"[0, 7, 3, 8, 1, 4, 2, 5, 6, 0]",54
93,0:00:00.022680,131.02836613987677,"[0, 7, 3, 8, 1, 4, 2, 5, 6, 0]",54
94,0:00:00.022622,131.02836613987677,"[0, 7, 3, 8, 1, 4, 2, 5, 6, 0]",54
95,0:00:00.022123,131.02836613987677,"[0, 7, 3, 8, 1, 4, 2, 5, 6, 0]",54
96,0:00:00.022457,131.02836613987677,"[0, 7, 3, 8, 1, 4, 2, 5, 6, 0]",54
97,0:00:00.023088,131.02836613987677,"[0, 7, 3, 8, 1, 4, 2, 5, 6, 0]",54
98,0:00:00.005063,131.02836613987677,"[0, 7, 3, 8, 1, 4, 2, 5, 6, 0]",54
99,0:00:00.024275,131.02836613987677,"[0, 7, 3, 8, 1, 4, 2, 5, 6, 0]",54
100,0:00:00.023942,131.02836613987677,"[0, 7, 3, 8, 1, 4, 2, 5, 6, 0]",54
101,0:00:00.022321,131.02836613987677,"[0, 7, 3, 8, 1, 4, 2, 5, 6, 0]",54
102,0:00:00.022752,131.02836613987677,"[0, 7, 3, 8, 1, 4, 2, 5, 6, 0]",54
103,0:00:00.023041,131.02836613987677,"[0, 7, 3, 8, 1, 4, 2, 5, 6, 0]",54
104,0:00:00.022760,131.02836613987677,"[0, 7, 3, 8, 1, 4, 2, 5, 6, 0]",54
105,0:00:00.022851,131.02836613987677,"[0, 7, 3, 8, 1, 4, 2, 5, 6, 0]",54
106,0:00:00.022534,131.02836613987677,"[0, 7, 3, 8, 1, 4, 2, 5, 6, 0]",54
107,0:00:00.022293,131.02836613987677,"[0, 7, 3, 8, 1, 4, 2, 5, 6, 0]",54
108,0:00:00.023078,131.02836613987677,"[0, 7, 3, 8, 1, 4, 2, 5, 6, 0]",54
109,0:00:00.004985,131.02836613987677,"[0, 7, 3, 8, 1, 4, 2, 5, 6, 0]",54
110,0:00:00.023915,131.02836613987677,"[0, 7, 3, 8, 1, 4, 2, 5, 6, 0]",54
111,0:00:00.023744,131.02836613987677,"[0, 7, 3, 8, 1, 4, 2, 5, 6, 0]",54
112,0:00:00.023035,131.02836613987677,"[0, 7, 3, 8, 1, 4, 2, 5, 6, 0]",54
113,0:00:00.022585,131.02836613987677,"[0, 7, 3, 8, 1, 4, 2, 5, 6, 0]",54
114,0:00:00.022889,131.02836613987677,"[0, 7, 3, 8, 1, 4, 2, 5, 6, 0]",54
115,0:00:00.022680,131.02836613987677,"[0, 7, 3, 8, 1, 4, 2, 5, 6, 0]",54
116,0:00:00.022401,131.02836613987677,"[0, 7, 3, 8, 1, 4, 2, 5, 6, 0]",54
117,0:00:00.022462,131.02836613987677,"[0, 7, 3, 8, 1, 4, 2, 5, 6, 0]",54
118,0:00:00.022746,131.02836613987677,"[0, 7, 3, 8, 1, 4, 2, 5, 6, 0]",54
119,0:00:00.022553,131.02836613987677,"[0, 7, 3, 8, 1, 4, 2, 5, 6, 0]",54
120,0:00:00.005064,131.02836613987677,"[0, 7, 3, 8, 1, 4, 2, 5, 6, 0]",54
121,0:00:00.024004,131.02836613987677,"[0, 7, 3, 8, 1, 4, 2, 5, 6, 0]",54
122,0:00:00.024115,131.02836613987677,"[0, 7, 3, 8, 1, 4, 2, 5, 6, 0]",54
123,0:00:00.023238,131.02836613987677,"[0, 7, 3, 8, 1, 4, 2, 5, 6, 0]",54
124,0:00:00.022737,131.02836613987677,"[0, 7, 3, 8, 1, 4, 2, 5, 6, 0]",54
125,0:00:00.022820,131.02836613987677,"[0, 7, 3, 8, 1, 4, 2, 5, 6, 0]",54
126,0:00:00.022327,131.02836613987677,"[0, 7, 3, 8, 1, 4, 2, 5, 6, 0]",54
127,0:00:00.022662,131.02836613987677,"[0, 7, 3, 8, 1, 4, 2, 5, 6, 0]",54
128,0:00:00.022822,131.02836613987677,"[0, 7, 3, 8, 1, 4, 2, 5, 6, 0]",54
129,0:00:00.021892,131.02836613987677,"[0, 7, 3, 8, 1, 4, 2, 5, 6, 0]",54
130,0:00:00.022566,131.02836613987677,"[0, 7, 3, 8, 1, 4, 2, 5, 6, 0]",54
131,0:00:00.005016,131.02836613987677,"[0, 7, 3, 8, 1, 4, 2, 5, 6, 0]",54
132,0:00:00.023931,131.02836613987677,"[0, 7, 3, 8, 1, 4, 2, 5, 6, 0]",54
133,0:00:00.022549,131.02836613987677,"[0, 7, 3, 8, 1, 4, 2, 5, 6, 0]",54
134,0:00:00.023385,131.02836613987677,"[0, 7, 3, 8, 1, 4, 2, 5, 6, 0]",54
135,0:00:00.023237,131.02836613987677,"[0, 7, 3, 8, 1, 4, 2, 5, 6, 0]",54
136,0:00:00.022997,131.02836613987677,"[0, 7, 3, 8, 1, 4, 2, 5, 6, 0]",54
137,0:00:00.022892,131.02836613987677,"[0, 7, 3, 8, 1, 4, 2, 5, 6, 0]",54
138,0:00:00.022556,131.02836613987677,"[0, 7, 3, 8, 1, 4, 2, 5, 6, 0]",54
139,0:00:00.022739,131.02836613987677,"[0, 7, 3, 8, 1, 4, 2, 5, 6, 0]",54
140,0:00:00.022638,131.02836613987677,"[0, 7, 3, 8, 1, 4, 2, 5, 6, 0]",54
141,0:00:00.022525,131.02836613987677,"[0, 7, 3, 8, 1, 4, 2, 5, 6, 0]",54
142,0:00:00.005064,131.02836613987677,"[0, 7, 3, 8, 1, 4, 2, 5, 6, 0]",54
143,0:00:00.024166,131.02836613987677,"[0, 7, 3, 8, 1, 4, 2, 5, 6, 0]",54
144,0:00:00.023906,131.02836613987677,"[0, 7, 3, 8, 1, 4, 2, 5, 6, 0]",54
145,0:00:00.022473,131.02836613987677,"[0, 7, 3, 8, 1, 4, 2, 5, 6, 0]",54
146,0:00:00.022738,131.02836613987677,"[0, 7, 3, 8, 1, 4, 2, 5, 6, 0]",54
147,0:00:00.022734,131.02836613987677,"[0, 7, 3, 8, 1, 4, 2, 5, 6, 0]",54
148,0:00:00.022425,131.02836613987677,"[0, 7, 3, 8, 1, 4, 2, 5, 6, 0]",54
149,0:00:00.022767,131.02836613987677,"[0, 7, 3, 8, 1, 4, 2, 5, 6, 0]",54
150,0:00:00.022204,131.02836613987677,"[0, 7, 3, 8, 1, 4, 2, 5, 6, 0]",54
151,0:00:00.022581,131.02836613987677,"[0, 7, 3, 8, 1, 4, 2, 5, 6, 0]",54
152,0:00:00.022488,131.02836613987677,"[0, 7, 3, 8, 1, 4, 2, 5, 6, 0]",54
153,0:00:00.005051,131.02836613987677,"[0, 7, 3, 8, 1, 4, 2, 5, 6, 0]",54
154,0:00:00.023951,131.02836613987677,"[0, 7, 3, 8, 1, 4, 2, 5, 6, 0]",54
155,0:00:00.023902,131.02836613987677,"[0, 7, 3, 8, 1, 4, 2, 5, 6, 0]",54
156,0:00:00.022106,131.02836613987677,"[0, 7, 3, 8, 1, 4, 2, 5, 6, 0]",54
157,0:00:00.022361,131.02836613987677,"[0, 7, 3, 8, 1, 4, 2, 5, 6, 0]",54
158,0:00:00.022530,131.02836613987677,"[0, 7, 3, 8, 1, 4, 2, 5, 6, 0]",54
159,0:00:00.022321,131.02836613987677,"[0, 7, 3, 8, 1, 4, 2, 5, 6, 0]",54
160,0:00:00.023407,131.02836613987677,"[0, 7, 3, 8, 1, 4, 2, 5, 6, 0]",54
161,0:00:00.022692,131.02836613987677,"[0, 7, 3, 8, 1, 4, 2, 5, 6, 0]",54
162,0:00:00.023041,131.02836613987677,"[0, 7, 3, 8, 1, 4, 2, 5, 6, 0]",54
163,0:00:00.022769,131.02836613987677,"[0, 7, 3, 8, 1, 4, 2, 5, 6, 0]",54
164,0:00:00.004976,131.02836613987677,"[0, 7, 3, 8, 1, 4, 2, 5, 6, 0]",54
165,0:00:00.024078,131.02836613987677,"[0, 7, 3, 8, 1, 4, 2, 5, 6, 0]",54
166,0:00:00.022974,131.02836613987677,"[0, 7, 3, 8, 1, 4, 2, 5, 6, 0]",54
167,0:00:00.023663,131.02836613987677,"[0, 7, 3, 8, 1, 4, 2, 5, 6, 0]",54
168,0:00:00.023253,131.02836613987677,"[0, 7, 3, 8, 1, 4, 2, 5, 6, 0]",54
169,0:00:00.022619,131.02836613987677,"[0, 7, 3, 8, 1, 4, 2, 5, 6, 0]",54
170,0:00:00.022596,131.02836613987677,"[0, 7, 3, 8, 1, 4, 2, 5, 6, 0]",54
171,0:00:00.023175,131.02836613987677,"[0, 7, 3, 8, 1, 4, 2, 5, 6, 0]",54
172,0:00:00.022492,131.02836613987677,"[0, 7, 3, 8, 1, 4, 2, 5, 6, 0]",54
173,0:00:00.023341,131.02836613987677,"[0, 7, 3, 8, 1, 4, 2, 5, 6, 0]",54
174,0:00:00.023360,131.02836613987677,"[0, 7, 3, 8, 1, 4, 2, 5, 6, 0]",54
175,0:00:00.005062,131.02836613987677,"[0, 7, 3, 8, 1, 4, 2, 5, 6, 0]",54
176,0:00:00.024234,131.02836613987677,"[0, 7, 3, 8, 1, 4, 2, 5, 6, 0]",54
177,0:00:00.023445,131.02836613987677,"[0, 7, 3, 8, 1, 4, 2, 5, 6, 0]",54
178,0:00:00.022796,131.02836613987677,"[0, 7, 3, 8, 1, 4, 2, 5, 6, 0]",54
179,0:00:00.023067,131.02836613987677,"[0, 7, 3, 8, 1, 4, 2, 5, 6, 0]",54
180,0:00:00.022827,131.02836613987677,"[0, 7, 3, 8, 1, 4, 2, 5, 6, 0]",54
181,0:00:00.022337,131.02836613987677,"[0, 7, 3, 8, 1, 4, 2, 5, 6, 0]",54
182,0:00:00.022965,131.02836613987677,"[0, 7, 3, 8, 1, 4, 2, 5, 6, 0]",54
183,0:00:00.022563,131.02836613987677,"[0, 7, 3, 8, 1, 4, 2, 5, 6, 0]",54
184,0:00:00.022709,131.02836613987677,"[0, 7, 3, 8, 1, 4, 2, 5, 6, 0]",54
185,0:00:00.022058,131.02836613987677,"[0, 7, 3, 8, 1, 4, 2, 5, 6, 0]",54
186,0:00:00.004989,131.02836613987677,"[0, 7, 3, 8, 1, 4, 2, 5, 6, 0]",54
187,0:00:00.024424,131.02836613987677,"[0, 7, 3, 8, 1, 4, 2, 5, 6, 0]",54
188,0:00:00.023419,131.02836613987677,"[0, 7, 3, 8, 1, 4, 2, 5, 6, 0]",54
189,0:00:00.022945,131.02836613987677,"[0, 7, 3, 8, 1, 4, 2, 5, 6, 0]",54
190,0:00:00.023104,131.02836613987677,"[0, 7, 3, 8, 1, 4, 2, 5, 6, 0]",54
191,0:00:00.024517,131.02836613987677,"[0, 7, 3, 8, 1, 4, 2, 5, 6, 0]",54
192,0:00:00.022620,131.02836613987677,"[0, 7, 3, 8, 1, 4, 2, 5, 6, 0]",54
193,0:00:00.022524,131.02836613987677,"[0, 7, 3, 8, 1, 4, 2, 5, 6, 0]",54
194,0:00:00.022466,131.02836613987677,"[0, 7, 3, 8, 1, 4, 2, 5, 6, 0]",54
195,0:00:00.023170,131.02836613987677,"[0, 7, 3, 8, 1, 4, 2, 5, 6, 0]",54
196,0:00:00.022745,131.02836613987677,"[0, 7, 3, 8, 1, 4, 2, 5, 6, 0]",54
197,0:00:00.005045,131.02836613987677,"[0, 7, 3, 8, 1, 4, 2, 5, 6, 0]",54
198,0:00:00.024246,131.02836613987677,"[0, 7, 3, 8, 1, 4, 2, 5, 6, 0]",54
199,0:00:00.023535,131.02836613987677,"[0, 7, 3, 8, 1, 4, 2, 5, 6, 0]",54
200,0:00:00.022396,131.02836613987677,"[0, 7, 3, 8, 1, 4, 2, 5, 6, 0]",54
201,0:00:00.022620,131.02836613987677,"[0, 7, 3, 8, 1, 4, 2, 5, 6, 0]",54
202,0:00:00.022543,131.02836613987677,"[0, 7, 3, 8, 1, 4, 2, 5, 6, 0]",54
203,0:00:00.022159,131.02836613987677,"[0, 7, 3, 8, 1, 4, 2, 5, 6, 0]",54
204,0:00:00.022661,131.02836613987677,"[0, 7, 3, 8, 1, 4, 2, 5, 6, 0]",54
205,0:00:00.022823,131.02836613987677,"[0, 7, 3, 8, 1, 4, 2, 5, 6, 0]",54
206,0:00:00.023002,131.02836613987677,"[0, 7, 3, 8, 1, 4, 2, 5, 6, 0]",54
207,0:00:00.022638,131.02836613987677,"[0, 7, 3, 8, 1, 4, 2, 5, 6, 0]",54
208,0:00:00.005039,131.02836613987677,"[0, 7, 3, 8, 1, 4, 2, 5, 6, 0]",54
209,0:00:00.023787,131.02836613987677,"[0, 7, 3, 8, 1, 4, 2, 5, 6, 0]",54
210,0:00:00.023460,131.02836613987677,"[0, 7, 3, 8, 1, 4, 2, 5, 6, 0]",54
211,0:00:00.022866,131.02836613987677,"[0, 7, 3, 8, 1, 4, 2, 5, 6, 0]",54
212,0:00:00.022085,131.02836613987677,"[0, 7, 3, 8, 1, 4, 2, 5, 6, 0]",54
213,0:00:00.022662,131.02836613987677,"[0, 7, 3, 8, 1, 4, 2, 5, 6, 0]",54
214,0:00:00.022566,131.02836613987677,"[0, 7, 3, 8, 1, 4, 2, 5, 6, 0]",54
215,0:00:00.022406,131.02836613987677,"[0, 7, 3, 8, 1, 4, 2, 5, 6, 0]",54
216,0:00:00.022289,131.02836613987677,"[0, 7, 3, 8, 1, 4, 2, 5, 6, 0]",54
217,0:00:00.022243,131.02836613987677,"[0, 7, 3, 8, 1, 4, 2, 5, 6, 0]",54
218,0:00:00.022771,131.02836613987677,"[0, 7, 3, 8, 1, 4, 2, 5, 6, 0]",54
219,0:00:00.005054,131.02836613987677,"[0, 7, 3, 8, 1, 4, 2, 5, 6, 0]",54
220,0:00:00.024244,131.02836613987677,"[0, 7, 3, 8, 1, 4, 2, 5, 6, 0]",54
221,0:00:00.022890,131.02836613987677,"[0, 7, 3, 8, 1, 4, 2, 5, 6, 0]",54
222,0:00:00.022816,131.02836613987677,"[0, 7, 3, 8, 1, 4, 2, 5, 6, 0]",54
223,0:00:00.022117,131.02836613987677,"[0, 7, 3, 8, 1, 4, 2, 5, 6, 0]",54
224,0:00:00.022522,131.02836613987677,"[0, 7, 3, 8, 1, 4, 2, 5, 6, 0]",54
225,0:00:00.022470,131.02836613987677,"[0, 7, 3, 8, 1, 4, 2, 5, 6, 0]",54
226,0:00:00.023309,131.02836613987677,"[0, 7, 3, 8, 1, 4, 2, 5, 6, 0]",54
227,0:00:00.022680,131.02836613987677,"[0, 7, 3, 8, 1, 4, 2, 5, 6, 0]",54
228,0:00:00.022957,131.02836613987677,"[0, 7, 3, 8, 1, 4, 2, 5, 6, 0]",54
0,0:00:00.027822,118.96891407553862,"[0, 5, 4, 3, 2, 1, 0]",0
1,0:00:00.022946,118.96891407553862,"[0, 5, 4, 3, 2, 1, 0]",0
2,0:00:00.022692,118.96891407553862,"[0, 5, 4, 3, 2, 1, 0]",0
3,0:00:00.023300,118.96891407553862,"[0, 5, 4, 3, 2, 1, 0]",0
4,0:00:00.022714,118.96891407553862,"[0, 5, 4, 3, 2, 1, 0]",0
5,0:00:00.022082,118.96891407553862,"[0, 5, 4, 3, 2, 1, 0]",0
6,0:00:00.023151,118.96891407553862,"[0, 5, 4, 3, 2, 1, 0]",0
7,0:00:00.023037,118.96891407553862,"[0, 5, 4, 3, 2, 1, 0]",0
8,0:00:00.022470,118.96891407553862,"[0, 5, 4, 3, 2, 1, 0]",0
9,0:00:00.022448,118.96891407553862,"[0, 5, 4, 3, 2, 1, 0]",0
10,0:00:00.003774,118.96891407553862,"[0, 5, 4, 3, 2, 1, 0]",0
11,0:00:00.023233,118.96891407553862,"[0, 5, 4, 3, 2, 1, 0]",0
12,0:00:00.022469,118.96891407553862,"[0, 5, 4, 3, 2, 1, 0]",0
13,0:00:00.022201,118.96891407553862,"[0, 5, 4, 3, 2, 1, 0]",0
14,0:00:00.023174,118.96891407553862,"[0, 5, 4, 3, 2, 1, 0]",0
15,0:00:00.022875,118.96891407553862,"[0, 5, 4, 3, 2, 1, 0]",0
16,0:00:00.022376,118.96891407553862,"[0, 5, 4, 3, 2, 1, 0]",0
17,0:00:00.022778,118.96891407553862,"[0, 5, 4, 3, 2, 1, 0]",0
18,0:00:00.022556,118.96891407553862,"[0, 5, 4, 3, 2, 1, 0]",0
19,0:00:00.030073,118.96891407553862,"[0, 5, 4, 3, 2, 1, 0]",0
20,0:00:00.023374,118.96891407553862,"[0, 5, 4, 3, 2, 1, 0]",0
21,0:00:00.003756,118.96891407553862,"[0, 5, 4, 3, 2, 1, 0]",0
22,0:00:00.022875,118.96891407553862,"[0, 5, 4, 3, 2, 1, 0]",0
23,0:00:00.022861,118.96891407553862,"[0, 5, 4, 3, 2, 1, 0]",0
24,0:00:00.022398,118.96891407553862,"[0, 5, 4, 3, 2, 1, 0]",0
25,0:00:00.022375,118.96891407553862,"[0, 5, 4, 3, 2, 1, 0]",0
26,0:00:00.022431,118.96891407553862,"[0, 5, 4, 3, 2, 1, 0]",0
27,0:00:00.023198,118.96891407553862,"[0, 5, 4, 3, 2, 1, 0]",0
28,0:00:00.023305,118.96891407553862,"[0, 5, 4, 3, 2, 1, 0]",0
29,0:00:00.022834,118.96891407553862,"[0, 5, 4, 3, 2, 1, 0]",0
30,0:00:00.023152,118.96891407553862,"[0, 5, 4, 3, 2, 1, 0]",0
31,0:00:00.022012,118.96891407553862,"[0, 5, 4, 3, 2, 1, 0]",0
32,0:00:00.003670,118.96891407553862,"[0, 5, 4, 3, 2, 1, 0]",0
33,0:00:00.023070,118.96891407553862,"[0, 5, 4, 3, 2, 1, 0]",0
34,0:00:00.022352,118.96891407553862,"[0, 5, 4, 3, 2, 1, 0]",0
35,0:00:00.022656,118.96891407553862,"[0, 5, 4, 3, 2, 1, 0]",0
36,0:00:00.022370,118.96891407553862,"[0, 5, 4, 3, 2, 1, 0]",0
37,0:00:00.022313,118.96891407553862,"[0, 5, 4, 3, 2, 1, 0]",0
38,0:00:00.022246,118.96891407553862,"[0, 5, 4, 3, 2, 1, 0]",0
39,0:00:00.022014,118.96891407553862,"[0, 5, 4, 3, 2, 1, 0]",0
40,0:00:00.023392,118.96891407553862,"[0, 5, 4, 3, 2, 1, 0]",0
41,0:00:00.022678,118.96891407553862,"[0, 5, 4, 3, 2, 1, 0]",0
42,0:00:00.022426,118.96891407553862,"[0, 5, 4, 3, 2, 1, 0]",0
43,0:00:00.003694,118.96891407553862,"[0, 5, 4, 3, 2, 1, 0]",0
44,0:00:00.023415,118.96891407553862,"[0, 5, 4, 3, 2, 1, 0]",0
45,0:00:00.023524,118.96891407553862,"[0, 5, 4, 3, 2, 1, 0]",0
46,0:00:00.022803,118.96891407553862,"[0, 5, 4, 3, 2, 1, 0]",0
47,0:00:00.023506,118.96891407553862,"[0, 5, 4, 3, 2, 1, 0]",0
48,0:00:00.022928,118.96891407553862,"[0, 5, 4, 3, 2, 1, 0]",0
49,0:00:00.022685,118.96891407553862,"[0, 5, 4, 3, 2, 1, 0]",0
50,0:00:00.023459,118.96891407553862,"[0, 5, 4, 3, 2, 1, 0]",0
51,0:00:00.022684,118.96891407553862,"[0, 5, 4, 3, 2, 1, 0]",0
52,0:00:00.022627,118.96891407553862,"[0, 5, 4, 3, 2, 1, 0]",0
53,0:00:00.022520,118.96891407553862,"[0, 5, 4, 3, 2, 1, 0]",0
54,0:00:00.003709,118.96891407553862,"[0, 5, 4, 3, 2, 1, 0]",0
55,0:00:00.023661,118.96891407553862,"[0, 5, 4, 3, 2, 1, 0]",0
56,0:00:00.022172,118.96891407553862,"[0, 5, 4, 3, 2, 1, 0]",0
57,0:00:00.022420,118.96891407553862,"[0, 5, 4, 3, 2, 1, 0]",0
58,0:00:00.022841,118.96891407553862,"[0, 5, 4, 3, 2, 1, 0]",0
59,0:00:00.022755,118.96891407553862,"[0, 5, 4, 3, 2, 1, 0]",0
60,0:00:00.022704,118.96891407553862,"[0, 5, 4, 3, 2, 1, 0]",0
61,0:00:00.023549,118.96891407553862,"[0, 5, 4, 3, 2, 1, 0]",0
62,0:00:00.022686,118.96891407553862,"[0, 5, 4, 3, 2, 1, 0]",0
63,0:00:00.023105,118.96891407553862,"[0, 5, 4, 3, 2, 1, 0]",0
64,0:00:00.022317,118.96891407553862,"[0, 5, 4, 3, 2, 1, 0]",0
65,0:00:00.003795,118.96891407553862,"[0, 5, 4, 3, 2, 1, 0]",0
66,0:00:00.023921,118.96891407553862,"[0, 5, 4, 3, 2, 1, 0]",0
67,0:00:00.022850,118.96891407553862,"[0, 5, 4, 3, 2, 1, 0]",0
68,0:00:00.022502,118.96891407553862,"[0, 5, 4, 3, 2, 1, 0]",0
69,0:00:00.023145,118.96891407553862,"[0, 5, 4, 3, 2, 1, 0]",0
70,0:00:00.023530,118.96891407553862,"[0, 5, 4, 3, 2, 1, 0]",0
71,0:00:00.023166,118.96891407553862,"[0, 5, 4, 3, 2, 1, 0]",0
72,0:00:00.022843,118.96891407553862,"[0, 5, 4, 3, 2, 1, 0]",0
73,0:00:00.022084,118.96891407553862,"[0, 5, 4, 3, 2, 1, 0]",0
74,0:00:00.023265,118.96891407553862,"[0, 5, 4, 3, 2, 1, 0]",0
75,0:00:00.021980,118.96891407553862,"[0, 5, 4, 3, 2, 1, 0]",0
76,0:00:00.003685,118.96891407553862,"[0, 5, 4, 3, 2, 1, 0]",0
77,0:00:00.023489,118.96891407553862,"[0, 5, 4, 3, 2, 1, 0]",0
78,0:00:00.022413,118.96891407553862,"[0, 5, 4, 3, 2, 1, 0]",0
79,0:00:00.022526,118.96891407553862,"[0, 5, 4, 3, 2, 1, 0]",0
80,0:00:00.022566,118.96891407553862,"[0, 5, 4, 3, 2, 1, 0]",0
81,0:00:00.022183,118.96891407553862,"[0, 5, 4, 3, 2, 1, 0]",0
82,0:00:00.022804,118.96891407553862,"[0, 5, 4, 3, 2, 1, 0]",0
83,0:00:00.022319,118.96891407553862,"[0, 5, 4, 3, 2, 1, 0]",0
84,0:00:00.022029,118.96891407553862,"[0, 5, 4, 3, 2, 1, 0]",0
85,0:00:00.022558,118.96891407553862,"[0, 5, 4, 3, 2, 1, 0]",0
86,0:00:00.022219,118.96891407553862,"[0, 5, 4, 3, 2, 1, 0]",0
87,0:00:00.003705,118.96891407553862,"[0, 5, 4, 3, 2, 1, 0]",0
88,0:00:00.023121,118.96891407553862,"[0, 5, 4, 3, 2, 1, 0]",0
89,0:00:00.022645,118.96891407553862,"[0, 5, 4, 3, 2, 1, 0]",0
90,0:00:00.022813,118.96891407553862,"[0, 5, 4, 3, 2, 1, 0]",0
91,0:00:00.022732,118.96891407553862,"[0, 5, 4, 3, 2, 1, 0]",0
92,0:00:00.022663,118.96891407553862,"[0, 5, 4, 3, 2, 1, 0]",0
93,0:00:00.022607,118.96891407553862,"[0, 5, 4, 3, 2, 1, 0]",0
94,0:00:00.023014,118.96891407553862,"[0, 5, 4, 3, 2, 1, 0]",0
95,0:00:00.022316,118.96891407553862,"[0, 5, 4, 3, 2, 1, 0]",0
96,0:00:00.021990,118.96891407553862,"[0, 5, 4, 3, 2, 1, 0]",0
97,0:00:00.022716,118.96891407553862,"[0, 5, 4, 3, 2, 1, 0]",0
98,0:00:00.003708,118.96891407553862,"[0, 5, 4, 3, 2, 1, 0]",0
99,0:00:00.023447,118.96891407553862,"[0, 5, 4, 3, 2, 1, 0]",0
100,0:00:00.023113,118.96891407553862,"[0, 5, 4, 3, 2, 1, 0]",0
101,0:00:00.022835,118.96891407553862,"[0, 5, 4, 3, 2, 1, 0]",0
102,0:00:00.022512,118.96891407553862,"[0, 5, 4, 3, 2, 1, 0]",0
103,0:00:00.021986,118.96891407553862,"[0, 5, 4, 3, 2, 1, 0]",0
104,0:00:00.022065,118.96891407553862,"[0, 5, 4, 3, 2, 1, 0]",0
105,0:00:00.021954,118.96891407553862,"[0, 5, 4, 3, 2, 1, 0]",0
106,0:00:00.022211,118.96891407553862,"[0, 5, 4, 3, 2, 1, 0]",0
107,0:00:00.022854,118.96891407553862,"[0, 5, 4, 3, 2, 1, 0]",0
108,0:00:00.023031,118.96891407553862,"[0, 5, 4, 3, 2, 1, 0]",0
109,0:00:00.003660,118.96891407553862,"[0, 5, 4, 3, 2, 1, 0]",0
110,0:00:00.023065,118.96891407553862,"[0, 5, 4, 3, 2, 1, 0]",0
111,0:00:00.022523,118.96891407553862,"[0, 5, 4, 3, 2, 1, 0]",0
112,0:00:00.022918,118.96891407553862,"[0, 5, 4, 3, 2, 1, 0]",0
113,0:00:00.022655,118.96891407553862,"[0, 5, 4, 3, 2, 1, 0]",0
114,0:00:00.022993,118.96891407553862,"[0, 5, 4, 3, 2, 1, 0]",0
115,0:00:00.022991,118.96891407553862,"[0, 5, 4, 3, 2, 1, 0]",0
116,0:00:00.022667,118.96891407553862,"[0, 5, 4, 3, 2, 1, 0]",0
117,0:00:00.022571,118.96891407553862,"[0, 5, 4, 3, 2, 1, 0]",0
118,0:00:00.023012,118.96891407553862,"[0, 5, 4, 3, 2, 1, 0]",0
119,0:00:00.022981,118.96891407553862,"[0, 5, 4, 3, 2, 1, 0]",0
120,0:00:00.003651,118.96891407553862,"[0, 5, 4, 3, 2, 1, 0]",0
121,0:00:00.022972,118.96891407553862,"[0, 5, 4, 3, 2, 1, 0]",0
122,0:00:00.022851,118.96891407553862,"[0, 5, 4, 3, 2, 1, 0]",0
123,0:00:00.022683,118.96891407553862,"[0, 5, 4, 3, 2, 1, 0]",0
124,0:00:00.022390,118.96891407553862,"[0, 5, 4, 3, 2, 1, 0]",0
125,0:00:00.022781,118.96891407553862,"[0, 5, 4, 3, 2, 1, 0]",0
126,0:00:00.022630,118.96891407553862,"[0, 5, 4, 3, 2, 1, 0]",0
127,0:00:00.022164,118.96891407553862,"[0, 5, 4, 3, 2, 1, 0]",0
128,0:00:00.022246,118.96891407553862,"[0, 5, 4, 3, 2, 1, 0]",0
129,0:00:00.022797,118.96891407553862,"[0, 5, 4, 3, 2, 1, 0]",0
130,0:00:00.023021,118.96891407553862,"[0, 5, 4, 3, 2, 1, 0]",0
131,0:00:00.003693,118.96891407553862,"[0, 5, 4, 3, 2, 1, 0]",0
132,0:00:00.023894,118.96891407553862,"[0, 5, 4, 3, 2, 1, 0]",0
133,0:00:00.022964,118.96891407553862,"[0, 5, 4, 3, 2, 1, 0]",0
134,0:00:00.022249,118.96891407553862,"[0, 5, 4, 3, 2, 1, 0]",0
135,0:00:00.022477,118.96891407553862,"[0, 5, 4, 3, 2, 1, 0]",0
136,0:00:00.022928,118.96891407553862,"[0, 5, 4, 3, 2, 1, 0]",0
137,0:00:00.022520,118.96891407553862,"[0, 5, 4, 3, 2, 1, 0]",0
138,0:00:00.022219,118.96891407553862,"[0, 5, 4, 3, 2, 1, 0]",0
139,0:00:00.022279,118.96891407553862,"[0, 5, 4, 3, 2, 1, 0]",0
140,0:00:00.023352,118.96891407553862,"[0, 5, 4, 3, 2, 1, 0]",0
141,0:00:00.023408,118.96891407553862,"[0, 5, 4, 3, 2, 1, 0]",0
142,0:00:00.003663,118.96891407553862,"[0, 5, 4, 3, 2, 1, 0]",0
143,0:00:00.022756,118.96891407553862,"[0, 5, 4, 3, 2, 1, 0]",0
144,0:00:00.022441,118.96891407553862,"[0, 5, 4, 3, 2, 1, 0]",0
145,0:00:00.022595,118.96891407553862,"[0, 5, 4, 3, 2, 1, 0]",0
146,0:00:00.023822,118.96891407553862,"[0, 5, 4, 3, 2, 1, 0]",0
147,0:00:00.022690,118.96891407553862,"[0, 5, 4, 3, 2, 1, 0]",0
148,0:00:00.022157,118.96891407553862,"[0, 5, 4, 3, 2, 1, 0]",0
149,0:00:00.023524,118.96891407553862,"[0, 5, 4, 3, 2, 1, 0]",0
150,0:00:00.023186,118.96891407553862,"[0, 5, 4, 3, 2, 1, 0]",0
151,0:00:00.022047,118.96891407553862,"[0, 5, 4, 3, 2, 1, 0]",0
152,0:00:00.022726,118.96891407553862,"[0, 5, 4, 3, 2, 1, 0]",0
153,0:00:00.003648,118.96891407553862,"[0, 5, 4, 3, 2, 1, 0]",0
154,0:00:00.023104,118.96891407553862,"[0, 5, 4, 3, 2, 1, 0]",0
155,0:00:00.022857,118.96891407553862,"[0, 5, 4, 3, 2, 1, 0]",0
156,0:00:00.022720,118.96891407553862,"[0, 5, 4, 3, 2, 1, 0]",0
157,0:00:00.023029,118.96891407553862,"[0, 5, 4, 3, 2, 1, 0]",0
158,0:00:00.022986,118.96891407553862,"[0, 5, 4, 3, 2, 1, 0]",0
159,0:00:00.022876,118.96891407553862,"[0, 5, 4, 3, 2, 1, 0]",0
160,0:00:00.023023,118.96891407553862,"[0, 5, 4, 3, 2, 1, 0]",0
161,0:00:00.023053,118.96891407553862,"[0, 5, 4, 3, 2, 1, 0]",0
162,0:00:00.022908,118.96891407553862,"[0, 5, 4, 3, 2, 1, 0]",0
163,0:00:00.022504,118.96891407553862,"[0, 5, 4, 3, 2, 1, 0]",0
164,0:00:00.003682,118.96891407553862,"[0, 5, 4, 3, 2, 1, 0]",0
165,0:00:00.023311,118.96891407553862,"[0, 5, 4, 3, 2, 1, 0]",0
166,0:00:00.022502,118.96891407553862,"[0, 5, 4, 3, 2, 1, 0]",0
167,0:00:00.022390,118.96891407553862,"[0, 5, 4, 3, 2, 1, 0]",0
168,0:00:00.022870,118.96891407553862,"[0, 5, 4, 3, 2, 1, 0]",0
169,0:00:00.022483,118.96891407553862,"[0, 5, 4, 3, 2, 1, 0]",0
170,0:00:00.022467,118.96891407553862,"[0, 5, 4, 3, 2, 1, 0]",0
171,0:00:00.022843,118.96891407553862,"[0, 5, 4, 3, 2, 1, 0]",0
172,0:00:00.022868,118.96891407553862,"[0, 5, 4, 3, 2, 1, 0]",0
173,0:00:00.022385,118.96891407553862,"[0, 5, 4, 3, 2, 1, 0]",0
174,0:00:00.023013,118.96891407553862,"[0, 5, 4, 3, 2, 1, 0]",0
0,0:00:00.030291,104.38812456935776,"[0, 1, 2, 5, 9, 3, 11, 8, 4, 6, 10, 7, 0]",0
1,0:00:00.023661,104.38812456935776,"[0, 1, 2, 5, 9, 3, 11, 8, 4, 6, 10, 7, 0]",0
2,0:00:00.022513,104.38812456935776,"[0, 1, 2, 5, 9, 3, 11, 8, 4, 6, 10, 7, 0]",0
3,0:00:00.022593,104.38812456935776,"[0, 1, 2, 5, 9, 3, 11, 8, 4, 6, 10, 7, 0]",0
4,0:00:00.022233,104.38812456935776,"[0, 1, 2, 5, 9, 3, 11, 8, 4, 6, 10, 7, 0]",0
5,0:00:00.022625,104.38812456935776,"[0, 1, 2, 5, 9, 3, 11, 8, 4, 6, 10, 7, 0]",0
6,0:00:00.022556,104.38812456935776,"[0, 1, 2, 5, 9, 3, 11, 8, 4, 6, 10, 7, 0]",0
7,0:00:00.023238,104.38812456935776,"[0, 1, 2, 5, 9, 3, 11, 8, 4, 6, 10, 7, 0]",0
8,0:00:00.022839,104.38812456935776,"[0, 1, 2, 5, 9, 3, 11, 8, 4, 6, 10, 7, 0]",0
9,0:00:00.022463,104.38812456935776,"[0, 1, 2, 5, 9, 3, 11, 8, 4, 6, 10, 7, 0]",0
10,0:00:00.006429,96.75836102558824,"[0, 2, 1, 11, 8, 3, 5, 4, 9, 6, 10, 7, 0]",10
11,0:00:00.023905,96.75836102558824,"[0, 2, 1, 11, 8, 3, 5, 4, 9, 6, 10, 7, 0]",10
12,0:00:00.023973,96.75836102558824,"[0, 2, 1, 11, 8, 3, 5, 4, 9, 6, 10, 7, 0]",10
13,0:00:00.024159,96.75836102558824,"[0, 2, 1, 11, 8, 3, 5, 4, 9, 6, 10, 7, 0]",10
14,0:00:00.023696,96.75836102558824,"[0, 2, 1, 11, 8, 3, 5, 4, 9, 6, 10, 7, 0]",10
15,0:00:00.022844,96.75836102558824,"[0, 2, 1, 11, 8, 3, 5, 4, 9, 6, 10, 7, 0]",10
16,0:00:00.022796,96.75836102558824,"[0, 2, 1, 11, 8, 3, 5, 4, 9, 6, 10, 7, 0]",10
17,0:00:00.022452,96.75836102558824,"[0, 2, 1, 11, 8, 3, 5, 4, 9, 6, 10, 7, 0]",10
18,0:00:00.022860,96.75836102558824,"[0, 2, 1, 11, 8, 3, 5, 4, 9, 6, 10, 7, 0]",10
19,0:00:00.023123,96.75836102558824,"[0, 2, 1, 11, 8, 3, 5, 4, 9, 6, 10, 7, 0]",10
20,0:00:00.023060,96.75836102558824,"[0, 2, 1, 11, 8, 3, 5, 4, 9, 6, 10, 7, 0]",10
21,0:00:00.006597,96.75836102558824,"[0, 2, 1, 11, 8, 3, 5, 4, 9, 6, 10, 7, 0]",10
22,0:00:00.025093,96.75836102558824,"[0, 2, 1, 11, 8, 3, 5, 4, 9, 6, 10, 7, 0]",10
23,0:00:00.024540,96.75836102558824,"[0, 2, 1, 11, 8, 3, 5, 4, 9, 6, 10, 7, 0]",10
24,0:00:00.023383,96.75836102558824,"[0, 2, 1, 11, 8, 3, 5, 4, 9, 6, 10, 7, 0]",10
25,0:00:00.023173,96.75836102558824,"[0, 2, 1, 11, 8, 3, 5, 4, 9, 6, 10, 7, 0]",10
26,0:00:00.023096,96.75836102558824,"[0, 2, 1, 11, 8, 3, 5, 4, 9, 6, 10, 7, 0]",10
27,0:00:00.023012,96.75836102558824,"[0, 2, 1, 11, 8, 3, 5, 4, 9, 6, 10, 7, 0]",10
28,0:00:00.023024,96.75836102558824,"[0, 2, 1, 11, 8, 3, 5, 4, 9, 6, 10, 7, 0]",10
29,0:00:00.023111,96.75836102558824,"[0, 2, 1, 11, 8, 3, 5, 4, 9, 6, 10, 7, 0]",10
30,0:00:00.022817,96.75836102558824,"[0, 2, 1, 11, 8, 3, 5, 4, 9, 6, 10, 7, 0]",10
31,0:00:00.022186,96.75836102558824,"[0, 2, 1, 11, 8, 3, 5, 4, 9, 6, 10, 7, 0]",10
32,0:00:00.006470,96.75836102558824,"[0, 2, 1, 11, 8, 3, 5, 4, 9, 6, 10, 7, 0]",10
33,0:00:00.024961,96.75836102558824,"[0, 2, 1, 11, 8, 3, 5, 4, 9, 6, 10, 7, 0]",10
34,0:00:00.024590,96.75836102558824,"[0, 2, 1, 11, 8, 3, 5, 4, 9, 6, 10, 7, 0]",10
35,0:00:00.024483,96.75836102558824,"[0, 2, 1, 11, 8, 3, 5, 4, 9, 6, 10, 7, 0]",10
36,0:00:00.023027,96.75836102558824,"[0, 2, 1, 11, 8, 3, 5, 4, 9, 6, 10, 7, 0]",10
37,0:00:00.023625,96.75836102558824,"[0, 2, 1, 11, 8, 3, 5, 4, 9, 6, 10, 7, 0]",10
38,0:00:00.023224,96.75836102558824,"[0, 2, 1, 11, 8, 3, 5, 4, 9, 6, 10, 7, 0]",10
39,0:00:00.023459,96.75836102558824,"[0, 2, 1, 11, 8, 3, 5, 4, 9, 6, 10, 7, 0]",10
40,0:00:00.022666,96.75836102558824,"[0, 2, 1, 11, 8, 3, 5, 4, 9, 6, 10, 7, 0]",10
41,0:00:00.022762,96.75836102558824,"[0, 2, 1, 11, 8, 3, 5, 4, 9, 6, 10, 7, 0]",10
42,0:00:00.023213,96.75836102558824,"[0, 2, 1, 11, 8, 3, 5, 4, 9, 6, 10, 7, 0]",10
43,0:00:00.006531,96.75836102558824,"[0, 2, 1, 11, 8, 3, 5, 4, 9, 6, 10, 7, 0]",10
44,0:00:00.024723,96.75836102558824,"[0, 2, 1, 11, 8, 3, 5, 4, 9, 6, 10, 7, 0]",10
45,0:00:00.024420,96.75836102558824,"[0, 2, 1, 11, 8, 3, 5, 4, 9, 6, 10, 7, 0]",10
46,0:00:00.023060,96.75836102558824,"[0, 2, 1, 11, 8, 3, 5, 4, 9, 6, 10, 7, 0]",10
47,0:00:00.023297,96.75836102558824,"[0, 2, 1, 11, 8, 3, 5, 4, 9, 6, 10, 7, 0]",10
48,0:00:00.022721,96.75836102558824,"[0, 2, 1, 11, 8, 3, 5, 4, 9, 6, 10, 7, 0]",10
49,0:00:00.022855,96.75836102558824,"[0, 2, 1, 11, 8, 3, 5, 4, 9, 6, 10, 7, 0]",10
50,0:00:00.022836,96.75836102558824,"[0, 2, 1, 11, 8, 3, 5, 4, 9, 6, 10, 7, 0]",10
51,0:00:00.022834,96.75836102558824,"[0, 2, 1, 11, 8, 3, 5, 4, 9, 6, 10, 7, 0]",10
52,0:00:00.022958,96.75836102558824,"[0, 2, 1, 11, 8, 3, 5, 4, 9, 6, 10, 7, 0]",10
53,0:00:00.022493,96.75836102558824,"[0, 2, 1, 11, 8, 3, 5, 4, 9, 6, 10, 7, 0]",10
54,0:00:00.006484,96.75836102558824,"[0, 2, 1, 11, 8, 3, 5, 4, 9, 6, 10, 7, 0]",10
55,0:00:00.024273,96.75836102558824,"[0, 2, 1, 11, 8, 3, 5, 4, 9, 6, 10, 7, 0]",10
56,0:00:00.024217,96.75836102558824,"[0, 2, 1, 11, 8, 3, 5, 4, 9, 6, 10, 7, 0]",10
57,0:00:00.024097,96.75836102558824,"[0, 2, 1, 11, 8, 3, 5, 4, 9, 6, 10, 7, 0]",10
58,0:00:00.023514,96.75836102558824,"[0, 2, 1, 11, 8, 3, 5, 4, 9, 6, 10, 7, 0]",10
59,0:00:00.022775,96.75836102558824,"[0, 2, 1, 11, 8, 3, 5, 4, 9, 6, 10, 7, 0]",10
60,0:00:00.023715,96.75836102558824,"[0, 2, 1, 11, 8, 3, 5, 4, 9, 6, 10, 7, 0]",10
61,0:00:00.023115,96.75836102558824,"[0, 2, 1, 11, 8, 3, 5, 4, 9, 6, 10, 7, 0]",10
62,0:00:00.023115,96.75836102558824,"[0, 2, 1, 11, 8, 3, 5, 4, 9, 6, 10, 7, 0]",10
63,0:00:00.023403,96.75836102558824,"[0, 2, 1, 11, 8, 3, 5, 4, 9, 6, 10, 7, 0]",10
64,0:00:00.022870,96.75836102558824,"[0, 2, 1, 11, 8, 3, 5, 4, 9, 6, 10, 7, 0]",10
65,0:00:00.006479,96.75836102558824,"[0, 2, 1, 11, 8, 3, 5, 4, 9, 6, 10, 7, 0]",10
66,0:00:00.024944,96.75836102558824,"[0, 2, 1, 11, 8, 3, 5, 4, 9, 6, 10, 7, 0]",10
67,0:00:00.024443,96.75836102558824,"[0, 2, 1, 11, 8, 3, 5, 4, 9, 6, 10, 7, 0]",10
68,0:00:00.023158,96.75836102558824,"[0, 2, 1, 11, 8, 3, 5, 4, 9, 6, 10, 7, 0]",10
69,0:00:00.023665,96.75836102558824,"[0, 2, 1, 11, 8, 3, 5, 4, 9, 6, 10, 7, 0]",10
70,0:00:00.023660,96.75836102558824,"[0, 2, 1, 11, 8, 3, 5, 4, 9, 6, 10, 7, 0]",10
71,0:00:00.023369,96.75836102558824,"[0, 2, 1, 11, 8, 3, 5, 4, 9, 6, 10, 7, 0]",10
72,0:00:00.022529,96.75836102558824,"[0, 2, 1, 11, 8, 3, 5, 4, 9, 6, 10, 7, 0]",10
73,0:00:00.023488,96.75836102558824,"[0, 2, 1, 11, 8, 3, 5, 4, 9, 6, 10, 7, 0]",10
74,0:00:00.022772,96.75836102558824,"[0, 2, 1, 11, 8, 3, 5, 4, 9, 6, 10, 7, 0]",10
75,0:00:00.022971,96.75836102558824,"[0, 2, 1, 11, 8, 3, 5, 4, 9, 6, 10, 7, 0]",10
76,0:00:00.006462,92.81362624561709,"[0, 9, 5, 4, 8, 3, 11, 6, 10, 7, 1, 2, 0]",76
77,0:00:00.024047,92.81362624561709,"[0, 9, 5, 4, 8, 3, 11, 6, 10, 7, 1, 2, 0]",76
78,0:00:00.023231,92.81362624561709,"[0, 9, 5, 4, 8, 3, 11, 6, 10, 7, 1, 2, 0]",76
79,0:00:00.022991,92.81362624561709,"[0, 9, 5, 4, 8, 3, 11, 6, 10, 7, 1, 2, 0]",76
80,0:00:00.022671,92.81362624561709,"[0, 9, 5, 4, 8, 3, 11, 6, 10, 7, 1, 2, 0]",76
81,0:00:00.022964,92.81362624561709,"[0, 9, 5, 4, 8, 3, 11, 6, 10, 7, 1, 2, 0]",76
82,0:00:00.023046,92.81362624561709,"[0, 9, 5, 4, 8, 3, 11, 6, 10, 7, 1, 2, 0]",76
83,0:00:00.024956,92.81362624561709,"[0, 9, 5, 4, 8, 3, 11, 6, 10, 7, 1, 2, 0]",76
84,0:00:00.022960,92.81362624561709,"[0, 9, 5, 4, 8, 3, 11, 6, 10, 7, 1, 2, 0]",76
85,0:00:00.023888,92.81362624561709,"[0, 9, 5, 4, 8, 3, 11, 6, 10, 7, 1, 2, 0]",76
86,0:00:00.022464,92.81362624561709,"[0, 9, 5, 4, 8, 3, 11, 6, 10, 7, 1, 2, 0]",76
87,0:00:00.006754,92.81362624561709,"[0, 9, 5, 4, 8, 3, 11, 6, 10, 7, 1, 2, 0]",76
88,0:00:00.025032,92.81362624561709,"[0, 9, 5, 4, 8, 3, 11, 6, 10, 7, 1, 2, 0]",76
89,0:00:00.023991,92.81362624561709,"[0, 9, 5, 4, 8, 3, 11, 6, 10, 7, 1, 2, 0]",76
90,0:00:00.024181,92.81362624561709,"[0, 9, 5, 4, 8, 3, 11, 6, 10, 7, 1, 2, 0]",76
91,0:00:00.022950,92.81362624561709,"[0, 9, 5, 4, 8, 3, 11, 6, 10, 7, 1, 2, 0]",76
92,0:00:00.023626,92.81362624561709,"[0, 9, 5, 4, 8, 3, 11, 6, 10, 7, 1, 2, 0]",76
93,0:00:00.022904,92.81362624561709,"[0, 9, 5, 4, 8, 3, 11, 6, 10, 7, 1, 2, 0]",76
94,0:00:00.023694,92.81362624561709,"[0, 9, 5, 4, 8, 3, 11, 6, 10, 7, 1, 2, 0]",76
95,0:00:00.023291,92.81362624561709,"[0, 9, 5, 4, 8, 3, 11, 6, 10, 7, 1, 2, 0]",76
96,0:00:00.023606,92.81362624561709,"[0, 9, 5, 4, 8, 3, 11, 6, 10, 7, 1, 2, 0]",76
97,0:00:00.022898,92.81362624561709,"[0, 9, 5, 4, 8, 3, 11, 6, 10, 7, 1, 2, 0]",76
98,0:00:00.006780,92.81362624561709,"[0, 9, 5, 4, 8, 3, 11, 6, 10, 7, 1, 2, 0]",76
99,0:00:00.024113,92.81362624561709,"[0, 9, 5, 4, 8, 3, 11, 6, 10, 7, 1, 2, 0]",76
100,0:00:00.023120,92.81362624561709,"[0, 9, 5, 4, 8, 3, 11, 6, 10, 7, 1, 2, 0]",76
101,0:00:00.022479,92.81362624561709,"[0, 9, 5, 4, 8, 3, 11, 6, 10, 7, 1, 2, 0]",76
102,0:00:00.023210,92.81362624561709,"[0, 9, 5, 4, 8, 3, 11, 6, 10, 7, 1, 2, 0]",76
103,0:00:00.023822,92.81362624561709,"[0, 9, 5, 4, 8, 3, 11, 6, 10, 7, 1, 2, 0]",76
104,0:00:00.022957,92.81362624561709,"[0, 9, 5, 4, 8, 3, 11, 6, 10, 7, 1, 2, 0]",76
105,0:00:00.023565,92.81362624561709,"[0, 9, 5, 4, 8, 3, 11, 6, 10, 7, 1, 2, 0]",76
106,0:00:00.022543,92.81362624561709,"[0, 9, 5, 4, 8, 3, 11, 6, 10, 7, 1, 2, 0]",76
107,0:00:00.023265,92.81362624561709,"[0, 9, 5, 4, 8, 3, 11, 6, 10, 7, 1, 2, 0]",76
108,0:00:00.022939,92.81362624561709,"[0, 9, 5, 4, 8, 3, 11, 6, 10, 7, 1, 2, 0]",76
109,0:00:00.006620,92.81362624561709,"[0, 9, 5, 4, 8, 3, 11, 6, 10, 7, 1, 2, 0]",76
110,0:00:00.024890,92.81362624561709,"[0, 9, 5, 4, 8, 3, 11, 6, 10, 7, 1, 2, 0]",76
111,0:00:00.024139,92.81362624561709,"[0, 9, 5, 4, 8, 3, 11, 6, 10, 7, 1, 2, 0]",76
112,0:00:00.023823,92.81362624561709,"[0, 9, 5, 4, 8, 3, 11, 6, 10, 7, 1, 2, 0]",76
113,0:00:00.022618,92.81362624561709,"[0, 9, 5, 4, 8, 3, 11, 6, 10, 7, 1, 2, 0]",76
114,0:00:00.023040,92.81362624561709,"[0, 9, 5, 4, 8, 3, 11, 6, 10, 7, 1, 2, 0]",76
115,0:00:00.022613,92.81362624561709,"[0, 9, 5, 4, 8, 3, 11, 6, 10, 7, 1, 2, 0]",76
116,0:00:00.023498,92.81362624561709,"[0, 9, 5, 4, 8, 3, 11, 6, 10, 7, 1, 2, 0]",76
117,0:00:00.022862,92.81362624561709,"[0, 9, 5, 4, 8, 3, 11, 6, 10, 7, 1, 2, 0]",76
118,0:00:00.023352,92.81362624561709,"[0, 9, 5, 4, 8, 3, 11, 6, 10, 7, 1, 2, 0]",76
119,0:00:00.022770,92.81362624561709,"[0, 9, 5, 4, 8, 3, 11, 6, 10, 7, 1, 2, 0]",76
120,0:00:00.006562,92.81362624561709,"[0, 9, 5, 4, 8, 3, 11, 6, 10, 7, 1, 2, 0]",76
121,0:00:00.024573,92.81362624561709,"[0, 9, 5, 4, 8, 3, 11, 6, 10, 7, 1, 2, 0]",76
122,0:00:00.023463,92.81362624561709,"[0, 9, 5, 4, 8, 3, 11, 6, 10, 7, 1, 2, 0]",76
123,0:00:00.022640,92.81362624561709,"[0, 9, 5, 4, 8, 3, 11, 6, 10, 7, 1, 2, 0]",76
124,0:00:00.022806,92.81362624561709,"[0, 9, 5, 4, 8, 3, 11, 6, 10, 7, 1, 2, 0]",76
125,0:00:00.023085,92.81362624561709,"[0, 9, 5, 4, 8, 3, 11, 6, 10, 7, 1, 2, 0]",76
126,0:00:00.023809,92.81362624561709,"[0, 9, 5, 4, 8, 3, 11, 6, 10, 7, 1, 2, 0]",76
127,0:00:00.023722,92.81362624561709,"[0, 9, 5, 4, 8, 3, 11, 6, 10, 7, 1, 2, 0]",76
128,0:00:00.024109,92.81362624561709,"[0, 9, 5, 4, 8, 3, 11, 6, 10, 7, 1, 2, 0]",76
129,0:00:00.022821,92.81362624561709,"[0, 9, 5, 4, 8, 3, 11, 6, 10, 7, 1, 2, 0]",76
130,0:00:00.023070,92.81362624561709,"[0, 9, 5, 4, 8, 3, 11, 6, 10, 7, 1, 2, 0]",76
131,0:00:00.006884,92.33833784283254,"[0, 5, 9, 4, 8, 3, 10, 11, 6, 2, 1, 7, 0]",131
132,0:00:00.024201,92.33833784283254,"[0, 5, 9, 4, 8, 3, 10, 11, 6, 2, 1, 7, 0]",131
133,0:00:00.025225,92.33833784283254,"[0, 5, 9, 4, 8, 3, 10, 11, 6, 2, 1, 7, 0]",131
134,0:00:00.024223,92.33833784283254,"[0, 5, 9, 4, 8, 3, 10, 11, 6, 2, 1, 7, 0]",131
135,0:00:00.023758,92.33833784283254,"[0, 5, 9, 4, 8, 3, 10, 11, 6, 2, 1, 7, 0]",131
136,0:00:00.023347,92.33833784283254,"[0, 5, 9, 4, 8, 3, 10, 11, 6, 2, 1, 7, 0]",131
137,0:00:00.023111,92.33833784283254,"[0, 5, 9, 4, 8, 3, 10, 11, 6, 2, 1, 7, 0]",131
138,0:00:00.023420,92.33833784283254,"[0, 5, 9, 4, 8, 3, 10, 11, 6, 2, 1, 7, 0]",131
139,0:00:00.023938,92.33833784283254,"[0, 5, 9, 4, 8, 3, 10, 11, 6, 2, 1, 7, 0]",131
140,0:00:00.022687,92.33833784283254,"[0, 5, 9, 4, 8, 3, 10, 11, 6, 2, 1, 7, 0]",131
141,0:00:00.022648,92.33833784283254,"[0, 5, 9, 4, 8, 3, 10, 11, 6, 2, 1, 7, 0]",131
142,0:00:00.006637,92.33833784283254,"[0, 5, 9, 4, 8, 3, 10, 11, 6, 2, 1, 7, 0]",131
143,0:00:00.024532,92.33833784283254,"[0, 5, 9, 4, 8, 3, 10, 11, 6, 2, 1, 7, 0]",131
144,0:00:00.024256,92.33833784283254,"[0, 5, 9, 4, 8, 3, 10, 11, 6, 2, 1, 7, 0]",131
145,0:00:00.023767,92.33833784283254,"[0, 5, 9, 4, 8, 3, 10, 11, 6, 2, 1, 7, 0]",131
146,0:00:00.023299,92.33833784283254,"[0, 5, 9, 4, 8, 3, 10, 11, 6, 2, 1, 7, 0]",131
147,0:00:00.022707,92.33833784283254,"[0, 5, 9, 4, 8, 3, 10, 11, 6, 2, 1, 7, 0]",131
148,0:00:00.022778,92.33833784283254,"[0, 5, 9, 4, 8, 3, 10, 11, 6, 2, 1, 7, 0]",131
149,0:00:00.022685,92.33833784283254,"[0, 5, 9, 4, 8, 3, 10, 11, 6, 2, 1, 7, 0]",131
150,0:00:00.023281,92.33833784283254,"[0, 5, 9, 4, 8, 3, 10, 11, 6, 2, 1, 7, 0]",131
151,0:00:00.022835,92.33833784283254,"[0, 5, 9, 4, 8, 3, 10, 11, 6, 2, 1, 7, 0]",131
152,0:00:00.023109,92.33833784283254,"[0, 5, 9, 4, 8, 3, 10, 11, 6, 2, 1, 7, 0]",131
153,0:00:00.006586,92.33833784283254,"[0, 5, 9, 4, 8, 3, 10, 11, 6, 2, 1, 7, 0]",131
154,0:00:00.024410,92.33833784283254,"[0, 5, 9, 4, 8, 3, 10, 11, 6, 2, 1, 7, 0]",131
155,0:00:00.024383,92.33833784283254,"[0, 5, 9, 4, 8, 3, 10, 11, 6, 2, 1, 7, 0]",131
156,0:00:00.023945,92.33833784283254,"[0, 5, 9, 4, 8, 3, 10, 11, 6, 2, 1, 7, 0]",131
157,0:00:00.023155,92.33833784283254,"[0, 5, 9, 4, 8, 3, 10, 11, 6, 2, 1, 7, 0]",131
158,0:00:00.023243,92.33833784283254,"[0, 5, 9, 4, 8, 3, 10, 11, 6, 2, 1, 7, 0]",131
159,0:00:00.022962,92.33833784283254,"[0, 5, 9, 4, 8, 3, 10, 11, 6, 2, 1, 7, 0]",131
160,0:00:00.022876,92.33833784283254,"[0, 5, 9, 4, 8, 3, 10, 11, 6, 2, 1, 7, 0]",131
161,0:00:00.023053,92.33833784283254,"[0, 5, 9, 4, 8, 3, 10, 11, 6, 2, 1, 7, 0]",131
162,0:00:00.023205,92.33833784283254,"[0, 5, 9, 4, 8, 3, 10, 11, 6, 2, 1, 7, 0]",131
163,0:00:00.022893,92.33833784283254,"[0, 5, 9, 4, 8, 3, 10, 11, 6, 2, 1, 7, 0]",131
164,0:00:00.006597,92.33833784283254,"[0, 5, 9, 4, 8, 3, 10, 11, 6, 2, 1, 7, 0]",131
165,0:00:00.024103,92.33833784283254,"[0, 5, 9, 4, 8, 3, 10, 11, 6, 2, 1, 7, 0]",131
166,0:00:00.023103,92.33833784283254,"[0, 5, 9, 4, 8, 3, 10, 11, 6, 2, 1, 7, 0]",131
167,0:00:00.022959,92.33833784283254,"[0, 5, 9, 4, 8, 3, 10, 11, 6, 2, 1, 7, 0]",131
168,0:00:00.023029,92.33833784283254,"[0, 5, 9, 4, 8, 3, 10, 11, 6, 2, 1, 7, 0]",131
169,0:00:00.022626,92.33833784283254,"[0, 5, 9, 4, 8, 3, 10, 11, 6, 2, 1, 7, 0]",131
170,0:00:00.023139,92.33833784283254,"[0, 5, 9, 4, 8, 3, 10, 11, 6, 2, 1, 7, 0]",131
171,0:00:00.022451,92.33833784283254,"[0, 5, 9, 4, 8, 3, 10, 11, 6, 2, 1, 7, 0]",131
172,0:00:00.023505,92.33833784283254,"[0, 5, 9, 4, 8, 3, 10, 11, 6, 2, 1, 7, 0]",131
173,0:00:00.022676,92.33833784283254,"[0, 5, 9, 4, 8, 3, 10, 11, 6, 2, 1, 7, 0]",131
174,0:00:00.022897,92.33833784283254,"[0, 5, 9, 4, 8, 3, 10, 11, 6, 2, 1, 7, 0]",131
175,0:00:00.006685,92.33833784283254,"[0, 5, 9, 4, 8, 3, 10, 11, 6, 2, 1, 7, 0]",131
176,0:00:00.024593,92.33833784283254,"[0, 5, 9, 4, 8, 3, 10, 11, 6, 2, 1, 7, 0]",131
177,0:00:00.023975,92.33833784283254,"[0, 5, 9, 4, 8, 3, 10, 11, 6, 2, 1, 7, 0]",131
178,0:00:00.024107,92.33833784283254,"[0, 5, 9, 4, 8, 3, 10, 11, 6, 2, 1, 7, 0]",131
179,0:00:00.023125,92.33833784283254,"[0, 5, 9, 4, 8, 3, 10, 11, 6, 2, 1, 7, 0]",131
180,0:00:00.023073,92.33833784283254,"[0, 5, 9, 4, 8, 3, 10, 11, 6, 2, 1, 7, 0]",131
181,0:00:00.023115,92.33833784283254,"[0, 5, 9, 4, 8, 3, 10, 11, 6, 2, 1, 7, 0]",131
182,0:00:00.023363,92.33833784283254,"[0, 5, 9, 4, 8, 3, 10, 11, 6, 2, 1, 7, 0]",131
183,0:00:00.022636,92.33833784283254,"[0, 5, 9, 4, 8, 3, 10, 11, 6, 2, 1, 7, 0]",131
184,0:00:00.022755,92.33833784283254,"[0, 5, 9, 4, 8, 3, 10, 11, 6, 2, 1, 7, 0]",131
185,0:00:00.022986,92.33833784283254,"[0, 5, 9, 4, 8, 3, 10, 11, 6, 2, 1, 7, 0]",131
186,0:00:00.006510,92.33833784283254,"[0, 5, 9, 4, 8, 3, 10, 11, 6, 2, 1, 7, 0]",131
187,0:00:00.024428,92.33833784283254,"[0, 5, 9, 4, 8, 3, 10, 11, 6, 2, 1, 7, 0]",131
188,0:00:00.023479,92.33833784283254,"[0, 5, 9, 4, 8, 3, 10, 11, 6, 2, 1, 7, 0]",131
189,0:00:00.023594,92.33833784283254,"[0, 5, 9, 4, 8, 3, 10, 11, 6, 2, 1, 7, 0]",131
190,0:00:00.023413,92.33833784283254,"[0, 5, 9, 4, 8, 3, 10, 11, 6, 2, 1, 7, 0]",131
191,0:00:00.022900,92.33833784283254,"[0, 5, 9, 4, 8, 3, 10, 11, 6, 2, 1, 7, 0]",131
192,0:00:00.022704,92.33833784283254,"[0, 5, 9, 4, 8, 3, 10, 11, 6, 2, 1, 7, 0]",131
193,0:00:00.022932,92.33833784283254,"[0, 5, 9, 4, 8, 3, 10, 11, 6, 2, 1, 7, 0]",131
194,0:00:00.023234,92.33833784283254,"[0, 5, 9, 4, 8, 3, 10, 11, 6, 2, 1, 7, 0]",131
195,0:00:00.022753,92.33833784283254,"[0, 5, 9, 4, 8, 3, 10, 11, 6, 2, 1, 7, 0]",131
196,0:00:00.023064,92.33833784283254,"[0, 5, 9, 4, 8, 3, 10, 11, 6, 2, 1, 7, 0]",131
197,0:00:00.006445,92.33833784283254,"[0, 5, 9, 4, 8, 3, 10, 11, 6, 2, 1, 7, 0]",131
198,0:00:00.024063,92.33833784283254,"[0, 5, 9, 4, 8, 3, 10, 11, 6, 2, 1, 7, 0]",131
199,0:00:00.024242,92.33833784283254,"[0, 5, 9, 4, 8, 3, 10, 11, 6, 2, 1, 7, 0]",131
200,0:00:00.023054,92.33833784283254,"[0, 5, 9, 4, 8, 3, 10, 11, 6, 2, 1, 7, 0]",131
201,0:00:00.022873,92.33833784283254,"[0, 5, 9, 4, 8, 3, 10, 11, 6, 2, 1, 7, 0]",131
202,0:00:00.022867,92.33833784283254,"[0, 5, 9, 4, 8, 3, 10, 11, 6, 2, 1, 7, 0]",131
203,0:00:00.023086,92.33833784283254,"[0, 5, 9, 4, 8, 3, 10, 11, 6, 2, 1, 7, 0]",131
204,0:00:00.023494,92.33833784283254,"[0, 5, 9, 4, 8, 3, 10, 11, 6, 2, 1, 7, 0]",131
205,0:00:00.022818,92.33833784283254,"[0, 5, 9, 4, 8, 3, 10, 11, 6, 2, 1, 7, 0]",131
206,0:00:00.022684,92.33833784283254,"[0, 5, 9, 4, 8, 3, 10, 11, 6, 2, 1, 7, 0]",131
207,0:00:00.022883,92.33833784283254,"[0, 5, 9, 4, 8, 3, 10, 11, 6, 2, 1, 7, 0]",131
208,0:00:00.006608,88.7805626321372,"[0, 10, 6, 5, 4, 3, 8, 9, 11, 7, 1, 2, 0]",208
209,0:00:00.024661,88.7805626321372,"[0, 10, 6, 5, 4, 3, 8, 9, 11, 7, 1, 2, 0]",208
210,0:00:00.024566,88.7805626321372,"[0, 10, 6, 5, 4, 3, 8, 9, 11, 7, 1, 2, 0]",208
211,0:00:00.024565,88.7805626321372,"[0, 10, 6, 5, 4, 3, 8, 9, 11, 7, 1, 2, 0]",208
212,0:00:00.023227,88.7805626321372,"[0, 10, 6, 5, 4, 3, 8, 9, 11, 7, 1, 2, 0]",208
213,0:00:00.022648,88.7805626321372,"[0, 10, 6, 5, 4, 3, 8, 9, 11, 7, 1, 2, 0]",208
214,0:00:00.022766,88.7805626321372,"[0, 10, 6, 5, 4, 3, 8, 9, 11, 7, 1, 2, 0]",208
215,0:00:00.022598,88.7805626321372,"[0, 10, 6, 5, 4, 3, 8, 9, 11, 7, 1, 2, 0]",208
216,0:00:00.023985,88.7805626321372,"[0, 10, 6, 5, 4, 3, 8, 9, 11, 7, 1, 2, 0]",208
217,0:00:00.023750,88.7805626321372,"[0, 10, 6, 5, 4, 3, 8, 9, 11, 7, 1, 2, 0]",208
218,0:00:00.022767,88.7805626321372,"[0, 10, 6, 5, 4, 3, 8, 9, 11, 7, 1, 2, 0]",208
219,0:00:00.006594,81.9259288631841,"[0, 7, 1, 2, 11, 5, 4, 9, 8, 3, 6, 10, 0]",219
220,0:00:00.024916,81.9259288631841,"[0, 7, 1, 2, 11, 5, 4, 9, 8, 3, 6, 10, 0]",219
221,0:00:00.024753,81.9259288631841,"[0, 7, 1, 2, 11, 5, 4, 9, 8, 3, 6, 10, 0]",219
222,0:00:00.024571,81.9259288631841,"[0, 7, 1, 2, 11, 5, 4, 9, 8, 3, 6, 10, 0]",219
223,0:00:00.023965,81.9259288631841,"[0, 7, 1, 2, 11, 5, 4, 9, 8, 3, 6, 10, 0]",219
224,0:00:00.023715,81.9259288631841,"[0, 7, 1, 2, 11, 5, 4, 9, 8, 3, 6, 10, 0]",219
225,0:00:00.022977,81.9259288631841,"[0, 7, 1, 2, 11, 5, 4, 9, 8, 3, 6, 10, 0]",219
226,0:00:00.022968,81.9259288631841,"[0, 7, 1, 2, 11, 5, 4, 9, 8, 3, 6, 10, 0]",219
227,0:00:00.022764,81.9259288631841,"[0, 7, 1, 2, 11, 5, 4, 9, 8, 3, 6, 10, 0]",219
228,0:00:00.022689,81.9259288631841,"[0, 7, 1, 2, 11, 5, 4, 9, 8, 3, 6, 10, 0]",219
229,0:00:00.022817,81.9259288631841,"[0, 7, 1, 2, 11, 5, 4, 9, 8, 3, 6, 10, 0]",219
230,0:00:00.006600,81.9259288631841,"[0, 7, 1, 2, 11, 5, 4, 9, 8, 3, 6, 10, 0]",219
231,0:00:00.024446,81.9259288631841,"[0, 7, 1, 2, 11, 5, 4, 9, 8, 3, 6, 10, 0]",219
232,0:00:00.024532,81.9259288631841,"[0, 7, 1, 2, 11, 5, 4, 9, 8, 3, 6, 10, 0]",219
233,0:00:00.023689,81.9259288631841,"[0, 7, 1, 2, 11, 5, 4, 9, 8, 3, 6, 10, 0]",219
234,0:00:00.022847,81.9259288631841,"[0, 7, 1, 2, 11, 5, 4, 9, 8, 3, 6, 10, 0]",219
235,0:00:00.023824,81.9259288631841,"[0, 7, 1, 2, 11, 5, 4, 9, 8, 3, 6, 10, 0]",219
236,0:00:00.022852,81.9259288631841,"[0, 7, 1, 2, 11, 5, 4, 9, 8, 3, 6, 10, 0]",219
237,0:00:00.022584,81.9259288631841,"[0, 7, 1, 2, 11, 5, 4, 9, 8, 3, 6, 10, 0]",219
238,0:00:00.023559,81.9259288631841,"[0, 7, 1, 2, 11, 5, 4, 9, 8, 3, 6, 10, 0]",219
239,0:00:00.023284,81.9259288631841,"[0, 7, 1, 2, 11, 5, 4, 9, 8, 3, 6, 10, 0]",219
240,0:00:00.023113,81.9259288631841,"[0, 7, 1, 2, 11, 5, 4, 9, 8, 3, 6, 10, 0]",219
241,0:00:00.006564,81.9259288631841,"[0, 7, 1, 2, 11, 5, 4, 9, 8, 3, 6, 10, 0]",219
242,0:00:00.024603,81.9259288631841,"[0, 7, 1, 2, 11, 5, 4, 9, 8, 3, 6, 10, 0]",219
243,0:00:00.023669,81.9259288631841,"[0, 7, 1, 2, 11, 5, 4, 9, 8, 3, 6, 10, 0]",219
244,0:00:00.024068,81.9259288631841,"[0, 7, 1, 2, 11, 5, 4, 9, 8, 3, 6, 10, 0]",219
245,0:00:00.023230,81.9259288631841,"[0, 7, 1, 2, 11, 5, 4, 9, 8, 3, 6, 10, 0]",219
246,0:00:00.023625,81.9259288631841,"[0, 7, 1, 2, 11, 5, 4, 9, 8, 3, 6, 10, 0]",219
247,0:00:00.023529,81.9259288631841,"[0, 7, 1, 2, 11, 5, 4, 9, 8, 3, 6, 10, 0]",219
248,0:00:00.023476,81.9259288631841,"[0, 7, 1, 2, 11, 5, 4, 9, 8, 3, 6, 10, 0]",219
249,0:00:00.022768,81.9259288631841,"[0, 7, 1, 2, 11, 5, 4, 9, 8, 3, 6, 10, 0]",219
250,0:00:00.022677,81.9259288631841,"[0, 7, 1, 2, 11, 5, 4, 9, 8, 3, 6, 10, 0]",219
251,0:00:00.022957,81.9259288631841,"[0, 7, 1, 2, 11, 5, 4, 9, 8, 3, 6, 10, 0]",219
252,0:00:00.006465,81.9259288631841,"[0, 7, 1, 2, 11, 5, 4, 9, 8, 3, 6, 10, 0]",219
253,0:00:00.024271,81.9259288631841,"[0, 7, 1, 2, 11, 5, 4, 9, 8, 3, 6, 10, 0]",219
254,0:00:00.024240,81.9259288631841,"[0, 7, 1, 2, 11, 5, 4, 9, 8, 3, 6, 10, 0]",219
255,0:00:00.023133,81.9259288631841,"[0, 7, 1, 2, 11, 5, 4, 9, 8, 3, 6, 10, 0]",219
256,0:00:00.022613,81.9259288631841,"[0, 7, 1, 2, 11, 5, 4, 9, 8, 3, 6, 10, 0]",219
257,0:00:00.023041,81.9259288631841,"[0, 7, 1, 2, 11, 5, 4, 9, 8, 3, 6, 10, 0]",219
258,0:00:00.024007,81.9259288631841,"[0, 7, 1, 2, 11, 5, 4, 9, 8, 3, 6, 10, 0]",219
259,0:00:00.023080,81.9259288631841,"[0, 7, 1, 2, 11, 5, 4, 9, 8, 3, 6, 10, 0]",219
260,0:00:00.023294,81.9259288631841,"[0, 7, 1, 2, 11, 5, 4, 9, 8, 3, 6, 10, 0]",219
261,0:00:00.022648,81.9259288631841,"[0, 7, 1, 2, 11, 5, 4, 9, 8, 3, 6, 10, 0]",219
262,0:00:00.023338,81.9259288631841,"[0, 7, 1, 2, 11, 5, 4, 9, 8, 3, 6, 10, 0]",219
263,0:00:00.006435,81.9259288631841,"[0, 7, 1, 2, 11, 5, 4, 9, 8, 3, 6, 10, 0]",219
264,0:00:00.024016,81.9259288631841,"[0, 7, 1, 2, 11, 5, 4, 9, 8, 3, 6, 10, 0]",219
265,0:00:00.023520,81.9259288631841,"[0, 7, 1, 2, 11, 5, 4, 9, 8, 3, 6, 10, 0]",219
266,0:00:00.023640,81.9259288631841,"[0, 7, 1, 2, 11, 5, 4, 9, 8, 3, 6, 10, 0]",219
267,0:00:00.023289,81.9259288631841,"[0, 7, 1, 2, 11, 5, 4, 9, 8, 3, 6, 10, 0]",219
268,0:00:00.023990,81.9259288631841,"[0, 7, 1, 2, 11, 5, 4, 9, 8, 3, 6, 10, 0]",219
269,0:00:00.023085,81.9259288631841,"[0, 7, 1, 2, 11, 5, 4, 9, 8, 3, 6, 10, 0]",219
270,0:00:00.022782,81.9259288631841,"[0, 7, 1, 2, 11, 5, 4, 9, 8, 3, 6, 10, 0]",219
271,0:00:00.023280,81.9259288631841,"[0, 7, 1, 2, 11, 5, 4, 9, 8, 3, 6, 10, 0]",219
272,0:00:00.022786,81.9259288631841,"[0, 7, 1, 2, 11, 5, 4, 9, 8, 3, 6, 10, 0]",219
273,0:00:00.022478,81.9259288631841,"[0, 7, 1, 2, 11, 5, 4, 9, 8, 3, 6, 10, 0]",219
274,0:00:00.006530,81.9259288631841,"[0, 7, 1, 2, 11, 5, 4, 9, 8, 3, 6, 10, 0]",219
275,0:00:00.024430,81.9259288631841,"[0, 7, 1, 2, 11, 5, 4, 9, 8, 3, 6, 10, 0]",219
276,0:00:00.023200,81.9259288631841,"[0, 7, 1, 2, 11, 5, 4, 9, 8, 3, 6, 10, 0]",219
277,0:00:00.023782,81.9259288631841,"[0, 7, 1, 2, 11, 5, 4, 9, 8, 3, 6, 10, 0]",219
278,0:00:00.022605,81.9259288631841,"[0, 7, 1, 2, 11, 5, 4, 9, 8, 3, 6, 10, 0]",219
279,0:00:00.023093,81.9259288631841,"[0, 7, 1, 2, 11, 5, 4, 9, 8, 3, 6, 10, 0]",219
280,0:00:00.022687,81.9259288631841,"[0, 7, 1, 2, 11, 5, 4, 9, 8, 3, 6, 10, 0]",219
281,0:00:00.022759,81.9259288631841,"[0, 7, 1, 2, 11, 5, 4, 9, 8, 3, 6, 10, 0]",219
282,0:00:00.023146,81.9259288631841,"[0, 7, 1, 2, 11, 5, 4, 9, 8, 3, 6, 10, 0]",219
283,0:00:00.023131,81.9259288631841,"[0, 7, 1, 2, 11, 5, 4, 9, 8, 3, 6, 10, 0]",219
284,0:00:00.022522,81.9259288631841,"[0, 7, 1, 2, 11, 5, 4, 9, 8, 3, 6, 10, 0]",219
285,0:00:00.006521,81.9259288631841,"[0, 7, 1, 2, 11, 5, 4, 9, 8, 3, 6, 10, 0]",219
286,0:00:00.024617,81.9259288631841,"[0, 7, 1, 2, 11, 5, 4, 9, 8, 3, 6, 10, 0]",219
287,0:00:00.024289,81.9259288631841,"[0, 7, 1, 2, 11, 5, 4, 9, 8, 3, 6, 10, 0]",219
288,0:00:00.024036,81.9259288631841,"[0, 7, 1, 2, 11, 5, 4, 9, 8, 3, 6, 10, 0]",219
289,0:00:00.023230,81.9259288631841,"[0, 7, 1, 2, 11, 5, 4, 9, 8, 3, 6, 10, 0]",219
290,0:00:00.023430,81.9259288631841,"[0, 7, 1, 2, 11, 5, 4, 9, 8, 3, 6, 10, 0]",219
291,0:00:00.023004,81.9259288631841,"[0, 7, 1, 2, 11, 5, 4, 9, 8, 3, 6, 10, 0]",219
292,0:00:00.023013,81.9259288631841,"[0, 7, 1, 2, 11, 5, 4, 9, 8, 3, 6, 10, 0]",219
293,0:00:00.023479,81.9259288631841,"[0, 7, 1, 2, 11, 5, 4, 9, 8, 3, 6, 10, 0]",219
294,0:00:00.023969,81.9259288631841,"[0, 7, 1, 2, 11, 5, 4, 9, 8, 3, 6, 10, 0]",219
295,0:00:00.023211,81.9259288631841,"[0, 7, 1, 2, 11, 5, 4, 9, 8, 3, 6, 10, 0]",219
296,0:00:00.006543,81.9259288631841,"[0, 7, 1, 2, 11, 5, 4, 9, 8, 3, 6, 10, 0]",219
297,0:00:00.024908,81.9259288631841,"[0, 7, 1, 2, 11, 5, 4, 9, 8, 3, 6, 10, 0]",219
298,0:00:00.024636,81.9259288631841,"[0, 7, 1, 2, 11, 5, 4, 9, 8, 3, 6, 10, 0]",219
299,0:00:00.023212,81.9259288631841,"[0, 7, 1, 2, 11, 5, 4, 9, 8, 3, 6, 10, 0]",219
300,0:00:00.022334,81.9259288631841,"[0, 7, 1, 2, 11, 5, 4, 9, 8, 3, 6, 10, 0]",219
301,0:00:00.023561,81.9259288631841,"[0, 7, 1, 2, 11, 5, 4, 9, 8, 3, 6, 10, 0]",219
302,0:00:00.023132,81.9259288631841,"[0, 7, 1, 2, 11, 5, 4, 9, 8, 3, 6, 10, 0]",219
303,0:00:00.022836,81.9259288631841,"[0, 7, 1, 2, 11, 5, 4, 9, 8, 3, 6, 10, 0]",219
304,0:00:00.022353,81.9259288631841,"[0, 7, 1, 2, 11, 5, 4, 9, 8, 3, 6, 10, 0]",219
305,0:00:00.024018,81.9259288631841,"[0, 7, 1, 2, 11, 5, 4, 9, 8, 3, 6, 10, 0]",219
306,0:00:00.023157,81.9259288631841,"[0, 7, 1, 2, 11, 5, 4, 9, 8, 3, 6, 10, 0]",219
307,0:00:00.006508,81.9259288631841,"[0, 7, 1, 2, 11, 5, 4, 9, 8, 3, 6, 10, 0]",219
308,0:00:00.024573,81.9259288631841,"[0, 7, 1, 2, 11, 5, 4, 9, 8, 3, 6, 10, 0]",219
309,0:00:00.024505,81.9259288631841,"[0, 7, 1, 2, 11, 5, 4, 9, 8, 3, 6, 10, 0]",219
310,0:00:00.023704,81.9259288631841,"[0, 7, 1, 2, 11, 5, 4, 9, 8, 3, 6, 10, 0]",219
311,0:00:00.023122,81.9259288631841,"[0, 7, 1, 2, 11, 5, 4, 9, 8, 3, 6, 10, 0]",219
312,0:00:00.022849,81.9259288631841,"[0, 7, 1, 2, 11, 5, 4, 9, 8, 3, 6, 10, 0]",219
313,0:00:00.023379,81.9259288631841,"[0, 7, 1, 2, 11, 5, 4, 9, 8, 3, 6, 10, 0]",219
314,0:00:00.023031,81.9259288631841,"[0, 7, 1, 2, 11, 5, 4, 9, 8, 3, 6, 10, 0]",219
315,0:00:00.023683,81.9259288631841,"[0, 7, 1, 2, 11, 5, 4, 9, 8, 3, 6, 10, 0]",219
316,0:00:00.022952,81.9259288631841,"[0, 7, 1, 2, 11, 5, 4, 9, 8, 3, 6, 10, 0]",219
317,0:00:00.022626,81.9259288631841,"[0, 7, 1, 2, 11, 5, 4, 9, 8, 3, 6, 10, 0]",219
318,0:00:00.006549,81.9259288631841,"[0, 7, 1, 2, 11, 5, 4, 9, 8, 3, 6, 10, 0]",219
319,0:00:00.024455,81.9259288631841,"[0, 7, 1, 2, 11, 5, 4, 9, 8, 3, 6, 10, 0]",219
320,0:00:00.024026,81.9259288631841,"[0, 7, 1, 2, 11, 5, 4, 9, 8, 3, 6, 10, 0]",219
321,0:00:00.022619,81.9259288631841,"[0, 7, 1, 2, 11, 5, 4, 9, 8, 3, 6, 10, 0]",219
322,0:00:00.022539,81.9259288631841,"[0, 7, 1, 2, 11, 5, 4, 9, 8, 3, 6, 10, 0]",219
323,0:00:00.022746,81.9259288631841,"[0, 7, 1, 2, 11, 5, 4, 9, 8, 3, 6, 10, 0]",219
324,0:00:00.022578,81.9259288631841,"[0, 7, 1, 2, 11, 5, 4, 9, 8, 3, 6, 10, 0]",219
325,0:00:00.023116,81.9259288631841,"[0, 7, 1, 2, 11, 5, 4, 9, 8, 3, 6, 10, 0]",219
326,0:00:00.023110,81.9259288631841,"[0, 7, 1, 2, 11, 5, 4, 9, 8, 3, 6, 10, 0]",219
327,0:00:00.022769,81.9259288631841,"[0, 7, 1, 2, 11, 5, 4, 9, 8, 3, 6, 10, 0]",219
328,0:00:00.022325,81.9259288631841,"[0, 7, 1, 2, 11, 5, 4, 9, 8, 3, 6, 10, 0]",219
329,0:00:00.006550,81.9259288631841,"[0, 7, 1, 2, 11, 5, 4, 9, 8, 3, 6, 10, 0]",219
330,0:00:00.024164,81.9259288631841,"[0, 7, 1, 2, 11, 5, 4, 9, 8, 3, 6, 10, 0]",219
331,0:00:00.024638,81.9259288631841,"[0, 7, 1, 2, 11, 5, 4, 9, 8, 3, 6, 10, 0]",219
332,0:00:00.024496,81.9259288631841,"[0, 7, 1, 2, 11, 5, 4, 9, 8, 3, 6, 10, 0]",219
333,0:00:00.023485,81.9259288631841,"[0, 7, 1, 2, 11, 5, 4, 9, 8, 3, 6, 10, 0]",219
334,0:00:00.022761,81.9259288631841,"[0, 7, 1, 2, 11, 5, 4, 9, 8, 3, 6, 10, 0]",219
335,0:00:00.023013,81.9259288631841,"[0, 7, 1, 2, 11, 5, 4, 9, 8, 3, 6, 10, 0]",219
336,0:00:00.023000,81.9259288631841,"[0, 7, 1, 2, 11, 5, 4, 9, 8, 3, 6, 10, 0]",219
337,0:00:00.023529,81.9259288631841,"[0, 7, 1, 2, 11, 5, 4, 9, 8, 3, 6, 10, 0]",219
338,0:00:00.022483,81.9259288631841,"[0, 7, 1, 2, 11, 5, 4, 9, 8, 3, 6, 10, 0]",219
339,0:00:00.023095,81.9259288631841,"[0, 7, 1, 2, 11, 5, 4, 9, 8, 3, 6, 10, 0]",219
340,0:00:00.006505,81.9259288631841,"[0, 7, 1, 2, 11, 5, 4, 9, 8, 3, 6, 10, 0]",219
341,0:00:00.024069,81.9259288631841,"[0, 7, 1, 2, 11, 5, 4, 9, 8, 3, 6, 10, 0]",219
342,0:00:00.024112,81.9259288631841,"[0, 7, 1, 2, 11, 5, 4, 9, 8, 3, 6, 10, 0]",219
343,0:00:00.022748,81.9259288631841,"[0, 7, 1, 2, 11, 5, 4, 9, 8, 3, 6, 10, 0]",219
344,0:00:00.022327,81.9259288631841,"[0, 7, 1, 2, 11, 5, 4, 9, 8, 3, 6, 10, 0]",219
345,0:00:00.022618,81.9259288631841,"[0, 7, 1, 2, 11, 5, 4, 9, 8, 3, 6, 10, 0]",219
346,0:00:00.022710,81.9259288631841,"[0, 7, 1, 2, 11, 5, 4, 9, 8, 3, 6, 10, 0]",219
347,0:00:00.022461,81.9259288631841,"[0, 7, 1, 2, 11, 5, 4, 9, 8, 3, 6, 10, 0]",219
348,0:00:00.023137,81.9259288631841,"[0, 7, 1, 2, 11, 5, 4, 9, 8, 3, 6, 10, 0]",219
349,0:00:00.022540,81.9259288631841,"[0, 7, 1, 2, 11, 5, 4, 9, 8, 3, 6, 10, 0]",219
350,0:00:00.022588,81.9259288631841,"[0, 7, 1, 2, 11, 5, 4, 9, 8, 3, 6, 10, 0]",219
351,0:00:00.006516,81.9259288631841,"[0, 7, 1, 2, 11, 5, 4, 9, 8, 3, 6, 10, 0]",219
352,0:00:00.024756,81.9259288631841,"[0, 7, 1, 2, 11, 5, 4, 9, 8, 3, 6, 10, 0]",219
353,0:00:00.023827,81.9259288631841,"[0, 7, 1, 2, 11, 5, 4, 9, 8, 3, 6, 10, 0]",219
354,0:00:00.023885,81.9259288631841,"[0, 7, 1, 2, 11, 5, 4, 9, 8, 3, 6, 10, 0]",219
355,0:00:00.023724,81.9259288631841,"[0, 7, 1, 2, 11, 5, 4, 9, 8, 3, 6, 10, 0]",219
356,0:00:00.022630,81.9259288631841,"[0, 7, 1, 2, 11, 5, 4, 9, 8, 3, 6, 10, 0]",219
357,0:00:00.022490,81.9259288631841,"[0, 7, 1, 2, 11, 5, 4, 9, 8, 3, 6, 10, 0]",219
358,0:00:00.023864,81.9259288631841,"[0, 7, 1, 2, 11, 5, 4, 9, 8, 3, 6, 10, 0]",219
359,0:00:00.023176,81.9259288631841,"[0, 7, 1, 2, 11, 5, 4, 9, 8, 3, 6, 10, 0]",219
360,0:00:00.024492,81.9259288631841,"[0, 7, 1, 2, 11, 5, 4, 9, 8, 3, 6, 10, 0]",219
361,0:00:00.024121,81.9259288631841,"[0, 7, 1, 2, 11, 5, 4, 9, 8, 3, 6, 10, 0]",219
362,0:00:00.006519,81.9259288631841,"[0, 7, 1, 2, 11, 5, 4, 9, 8, 3, 6, 10, 0]",219
363,0:00:00.024870,81.9259288631841,"[0, 7, 1, 2, 11, 5, 4, 9, 8, 3, 6, 10, 0]",219
364,0:00:00.024153,81.9259288631841,"[0, 7, 1, 2, 11, 5, 4, 9, 8, 3, 6, 10, 0]",219
365,0:00:00.023782,81.9259288631841,"[0, 7, 1, 2, 11, 5, 4, 9, 8, 3, 6, 10, 0]",219
366,0:00:00.023073,81.9259288631841,"[0, 7, 1, 2, 11, 5, 4, 9, 8, 3, 6, 10, 0]",219
367,0:00:00.022764,81.9259288631841,"[0, 7, 1, 2, 11, 5, 4, 9, 8, 3, 6, 10, 0]",219
368,0:00:00.022860,81.9259288631841,"[0, 7, 1, 2, 11, 5, 4, 9, 8, 3, 6, 10, 0]",219
369,0:00:00.022503,81.9259288631841,"[0, 7, 1, 2, 11, 5, 4, 9, 8, 3, 6, 10, 0]",219
370,0:00:00.023165,81.9259288631841,"[0, 7, 1, 2, 11, 5, 4, 9, 8, 3, 6, 10, 0]",219
371,0:00:00.022963,81.9259288631841,"[0, 7, 1, 2, 11, 5, 4, 9, 8, 3, 6, 10, 0]",219
372,0:00:00.022650,81.9259288631841,"[0, 7, 1, 2, 11, 5, 4, 9, 8, 3, 6, 10, 0]",219
373,0:00:00.006678,81.9259288631841,"[0, 7, 1, 2, 11, 5, 4, 9, 8, 3, 6, 10, 0]",219
374,0:00:00.025500,81.9259288631841,"[0, 7, 1, 2, 11, 5, 4, 9, 8, 3, 6, 10, 0]",219
375,0:00:00.025185,81.9259288631841,"[0, 7, 1, 2, 11, 5, 4, 9, 8, 3, 6, 10, 0]",219
376,0:00:00.024194,81.9259288631841,"[0, 7, 1, 2, 11, 5, 4, 9, 8, 3, 6, 10, 0]",219
377,0:00:00.024492,81.9259288631841,"[0, 7, 1, 2, 11, 5, 4, 9, 8, 3, 6, 10, 0]",219
378,0:00:00.023150,81.9259288631841,"[0, 7, 1, 2, 11, 5, 4, 9, 8, 3, 6, 10, 0]",219
379,0:00:00.023521,81.9259288631841,"[0, 7, 1, 2, 11, 5, 4, 9, 8, 3, 6, 10, 0]",219
380,0:00:00.023675,81.9259288631841,"[0, 7, 1, 2, 11, 5, 4, 9, 8, 3, 6, 10, 0]",219
381,0:00:00.023102,81.9259288631841,"[0, 7, 1, 2, 11, 5, 4, 9, 8, 3, 6, 10, 0]",219
382,0:00:00.023214,81.9259288631841,"[0, 7, 1, 2, 11, 5, 4, 9, 8, 3, 6, 10, 0]",219
383,0:00:00.023238,81.9259288631841,"[0, 7, 1, 2, 11, 5, 4, 9, 8, 3, 6, 10, 0]",219
384,0:00:00.006659,81.9259288631841,"[0, 7, 1, 2, 11, 5, 4, 9, 8, 3, 6, 10, 0]",219
385,0:00:00.024860,81.9259288631841,"[0, 7, 1, 2, 11, 5, 4, 9, 8, 3, 6, 10, 0]",219
386,0:00:00.023715,81.9259288631841,"[0, 7, 1, 2, 11, 5, 4, 9, 8, 3, 6, 10, 0]",219
387,0:00:00.023756,81.9259288631841,"[0, 7, 1, 2, 11, 5, 4, 9, 8, 3, 6, 10, 0]",219
388,0:00:00.023884,81.9259288631841,"[0, 7, 1, 2, 11, 5, 4, 9, 8, 3, 6, 10, 0]",219
389,0:00:00.023237,81.9259288631841,"[0, 7, 1, 2, 11, 5, 4, 9, 8, 3, 6, 10, 0]",219
390,0:00:00.024473,81.9259288631841,"[0, 7, 1, 2, 11, 5, 4, 9, 8, 3, 6, 10, 0]",219
391,0:00:00.023481,81.9259288631841,"[0, 7, 1, 2, 11, 5, 4, 9, 8, 3, 6, 10, 0]",219
392,0:00:00.022495,81.9259288631841,"[0, 7, 1, 2, 11, 5, 4, 9, 8, 3, 6, 10, 0]",219
393,0:00:00.022747,81.9259288631841,"[0, 7, 1, 2, 11, 5, 4, 9, 8, 3, 6, 10, 0]",219
